date,Ibex 35,ibex 35 down,credito,recesión,Ibex 35%,ibex 35 down%,credito%,recesión%
2017-04-29,6,0,60,0,-88.46,0.0,-30.23,-100.0
2017-04-30,3,0,48,13,-49.99,0.0,-20.0,1300000.0
2017-05-01,11,0,53,12,266.58,0.0,10.42,-7.69
2017-05-02,52,0,89,16,372.69,0.0,67.92,33.33
2017-05-03,53,0,89,16,1.92,0.0,0.0,0.0
2017-05-04,58,0,89,22,9.43,0.0,0.0,37.5
2017-05-05,63,0,90,23,8.62,0.0,1.12,4.55
2017-05-06,8,0,64,25,-87.3,0.0,-28.89,8.7
2017-05-07,6,0,55,6,-25.0,0.0,-14.06,-76.0
2017-05-08,70,0,90,16,1066.49,0.0,63.64,166.64
2017-05-09,52,0,89,27,-25.71,0.0,-1.11,68.75
2017-05-10,52,0,85,5,0.0,0.0,-4.49,-81.48
2017-05-11,55,0,89,22,5.77,0.0,4.71,339.93
2017-05-12,58,0,86,0,5.45,0.0,-3.37,-100.0
2017-05-13,7,0,60,19,-87.93,0.0,-30.23,1900000.0
2017-05-14,4,0,48,13,-42.85,0.0,-20.0,-31.58
2017-05-15,52,0,87,17,1199.7,0.0,81.25,30.77
2017-05-16,56,0,90,23,7.69,0.0,3.45,35.29
2017-05-17,50,0,88,6,-10.71,0.0,-2.22,-73.91
2017-05-18,61,0,84,23,22.0,0.0,-4.55,283.29
2017-05-19,57,0,80,12,-6.56,0.0,-4.76,-47.82
2017-05-20,8,0,61,0,-85.96,0.0,-23.75,-99.99
2017-05-21,4,0,51,27,-49.99,0.0,-16.39,2700000.0
2017-05-22,55,0,85,17,1274.68,0.0,66.67,-37.04
2017-05-23,53,0,86,28,-3.64,0.0,1.18,64.7
2017-05-24,60,0,84,23,13.21,0.0,-2.33,-17.86
2017-05-25,63,0,89,24,5.0,0.0,5.95,4.35
2017-05-26,56,0,83,19,-11.11,0.0,-6.74,-20.83
2017-05-27,6,0,61,14,-89.28,0.0,-26.51,-26.31
2017-05-28,5,0,52,7,-16.66,0.0,-14.75,-50.0
2017-05-29,47,0,86,24,839.83,0.0,65.38,242.82
2017-05-30,50,0,89,23,6.38,0.0,3.49,-4.17
2017-05-31,50,0,91,51,0.0,0.0,2.25,121.73
2017-06-01,56,0,89,18,12.0,0.0,-2.2,-64.7
2017-06-02,62,0,82,18,10.71,0.0,-7.87,0.0
2017-06-03,5,0,58,20,-91.93,0.0,-29.27,11.11
2017-06-04,4,0,50,13,-20.0,0.0,-13.79,-35.0
2017-06-05,52,0,91,17,1199.7,0.0,82.0,30.77
2017-06-06,52,0,91,11,0.0,0.0,0.0,-35.29
2017-06-07,62,0,86,34,19.23,0.0,-5.49,209.07
2017-06-08,57,0,85,23,-8.06,0.0,-1.16,-32.35
2017-06-09,63,0,85,18,10.53,0.0,0.0,-21.74
2017-06-10,7,0,60,7,-88.89,0.0,-29.41,-61.11
2017-06-11,3,0,51,20,-57.13,0.0,-15.0,185.69
2017-06-12,50,0,84,17,1566.14,0.0,64.7,-15.0
2017-06-13,54,0,88,23,8.0,0.0,4.76,35.29
2017-06-14,52,0,94,17,-3.7,0.0,6.82,-26.09
2017-06-15,54,0,84,12,3.85,0.0,-10.64,-29.41
2017-06-16,49,0,85,0,-9.26,0.0,1.19,-99.99
2017-06-17,5,0,59,7,-89.79,0.0,-30.59,700000.0
2017-06-18,5,0,48,14,0.0,0.0,-18.64,99.99
2017-06-19,46,0,86,23,819.84,0.0,79.17,64.28
2017-06-20,47,0,92,11,2.17,0.0,6.98,-52.17
2017-06-21,53,0,90,22,12.77,0.0,-2.17,99.99
2017-06-22,47,0,89,6,-11.32,0.0,-1.11,-72.72
2017-06-23,50,0,85,35,6.38,0.0,-4.49,483.25
2017-06-24,8,0,62,0,-84.0,0.0,-27.06,-100.0
2017-06-25,4,0,53,27,-49.99,0.0,-14.52,2700000.0
2017-06-26,47,0,90,29,1074.73,0.0,69.81,7.41
2017-06-27,49,0,91,41,4.26,0.0,1.11,41.38
2017-06-28,54,0,89,29,10.2,0.0,-2.2,-29.27
2017-06-29,53,0,87,24,-1.85,0.0,-2.25,-17.24
2017-06-30,51,0,87,18,-3.77,0.0,0.0,-25.0
2017-07-01,6,0,63,0,-88.23,0.0,-27.59,-99.99
2017-07-02,5,0,49,0,-16.66,0.0,-22.22,0.0
2017-07-03,49,0,88,6,879.82,0.0,79.59,600000.0
2017-07-04,53,0,94,12,8.16,0.0,6.82,99.98
2017-07-05,47,0,91,18,-11.32,0.0,-3.19,50.0
2017-07-06,49,0,90,24,4.26,0.0,-1.1,33.33
2017-07-07,45,0,88,25,-8.16,0.0,-2.22,4.17
2017-07-08,6,0,62,0,-86.66,0.0,-29.55,-100.0
2017-07-09,4,0,57,27,-33.33,0.0,-8.06,2700000.0
2017-07-10,44,98,91,6,999.75,9800000.0,59.65,-77.77
2017-07-11,44,0,95,12,0.0,-100.0,4.4,99.98
2017-07-12,46,0,91,12,4.55,0.0,-4.21,0.0
2017-07-13,53,0,89,6,15.22,0.0,-2.2,-50.0
2017-07-14,54,0,87,6,1.89,0.0,-2.25,0.0
2017-07-15,7,0,63,20,-87.04,0.0,-27.59,233.29
2017-07-16,4,0,52,13,-42.85,0.0,-17.46,-35.0
2017-07-17,49,0,91,35,1124.72,0.0,75.0,169.22
2017-07-18,50,0,94,24,2.04,0.0,3.3,-31.43
2017-07-19,46,0,92,0,-8.0,0.0,-2.13,-100.0
2017-07-20,53,0,87,18,15.22,0.0,-5.43,1800000.0
2017-07-21,46,0,84,30,-13.21,0.0,-3.45,66.66
2017-07-22,5,0,62,13,-89.13,0.0,-26.19,-56.66
2017-07-23,3,0,51,33,-39.99,0.0,-17.74,153.83
2017-07-24,45,0,86,23,1399.53,0.0,68.63,-30.3
2017-07-25,50,0,89,17,11.11,0.0,3.49,-26.09
2017-07-26,48,0,90,0,-4.0,0.0,1.12,-99.99
2017-07-27,55,0,89,17,14.58,0.0,-1.11,1700000.0
2017-07-28,51,0,88,6,-7.27,0.0,-1.12,-64.7
2017-07-29,5,0,61,7,-90.19,0.0,-30.68,16.66
2017-07-30,4,0,51,20,-20.0,0.0,-16.39,185.69
2017-07-31,49,0,93,35,1124.72,0.0,82.35,75.0
2017-08-01,44,0,96,28,-10.2,0.0,3.23,-20.0
2017-08-02,47,0,94,22,6.82,0.0,-2.08,-21.43
2017-08-03,48,0,89,11,2.13,0.0,-5.32,-50.0
2017-08-04,50,0,88,18,4.17,0.0,-1.12,63.63
2017-08-05,7,0,61,20,-86.0,0.0,-30.68,11.11
2017-08-06,4,0,56,7,-42.85,0.0,-8.2,-65.0
2017-08-07,46,0,88,11,1049.74,0.0,57.14,57.13
2017-08-08,48,0,88,5,4.35,0.0,0.0,-54.54
2017-08-09,49,0,89,11,2.08,0.0,1.14,119.98
2017-08-10,52,0,90,11,6.12,0.0,1.12,0.0
2017-08-11,50,0,85,6,-3.85,0.0,-5.56,-45.45
2017-08-12,7,0,65,13,-86.0,0.0,-23.53,116.65
2017-08-13,4,0,54,13,-42.85,0.0,-16.92,0.0
2017-08-14,45,0,91,6,1024.74,0.0,68.52,-53.84
2017-08-15,34,0,88,6,-24.44,0.0,-3.3,0.0
2017-08-16,48,0,91,17,41.18,0.0,3.41,183.3
2017-08-17,46,0,91,23,-4.17,0.0,0.0,35.29
2017-08-18,46,0,84,12,0.0,0.0,-7.69,-47.82
2017-08-19,7,0,63,39,-84.78,0.0,-25.0,224.98
2017-08-20,3,0,55,13,-57.13,0.0,-12.7,-66.66
2017-08-21,40,0,85,6,1232.92,0.0,54.54,-53.84
2017-08-22,45,0,93,11,12.5,0.0,9.41,83.32
2017-08-23,43,0,92,28,-4.44,0.0,-1.08,154.53
2017-08-24,42,0,91,23,-2.33,0.0,-1.09,-17.86
2017-08-25,49,0,88,6,16.67,0.0,-3.3,-73.91
2017-08-26,6,0,65,7,-87.75,0.0,-26.14,16.66
2017-08-27,3,0,53,19,-49.99,0.0,-18.46,171.4
2017-08-28,45,0,95,17,1399.53,0.0,79.24,-10.53
2017-08-29,48,0,94,22,6.67,0.0,-1.05,29.41
2017-08-30,47,0,92,22,-2.08,0.0,-2.13,0.0
2017-08-31,46,0,92,28,-2.13,0.0,0.0,27.27
2017-09-01,47,0,93,12,2.17,0.0,1.09,-57.14
2017-09-02,6,0,64,7,-87.23,0.0,-31.18,-41.66
2017-09-03,4,0,56,13,-33.33,0.0,-12.5,85.7
2017-09-04,45,0,93,17,1024.74,0.0,66.07,30.77
2017-09-05,42,0,88,11,-6.67,0.0,-5.38,-35.29
2017-09-06,46,0,88,17,9.52,0.0,0.0,54.54
2017-09-07,49,0,79,40,6.52,0.0,-10.23,135.29
2017-09-08,39,0,83,12,-20.41,0.0,5.06,-70.0
2017-09-09,6,0,61,13,-84.61,0.0,-26.51,8.33
2017-09-10,4,0,53,13,-33.33,0.0,-13.11,0.0
2017-09-11,42,0,88,38,949.76,0.0,66.04,192.29
2017-09-12,48,0,94,11,14.29,0.0,6.82,-71.05
2017-09-13,44,0,91,11,-8.33,0.0,-3.19,0.0
2017-09-14,46,0,89,34,4.55,0.0,-2.2,209.07
2017-09-15,42,0,88,23,-8.7,0.0,-1.12,-32.35
2017-09-16,6,0,60,0,-85.71,0.0,-31.82,-100.0
2017-09-17,4,0,53,19,-33.33,0.0,-11.67,1900000.0
2017-09-18,46,0,91,28,1049.74,0.0,71.7,47.37
2017-09-19,47,0,90,17,2.17,0.0,-1.1,-39.28
2017-09-20,48,0,88,33,2.13,0.0,-2.22,94.11
2017-09-21,46,0,85,33,-4.17,0.0,-3.41,0.0
2017-09-22,43,0,88,17,-6.52,0.0,3.53,-48.48
2017-09-23,5,0,64,25,-88.37,0.0,-27.27,47.06
2017-09-24,2,0,56,6,-59.99,0.0,-12.5,-76.0
2017-09-25,44,0,89,0,2098.95,0.0,58.93,-99.98
2017-09-26,43,0,92,27,-2.27,0.0,3.37,2700000.0
2017-09-27,47,0,93,17,9.3,0.0,1.09,-37.04
2017-09-28,50,0,91,45,6.38,0.0,-2.15,164.7
2017-09-29,52,0,92,18,4.0,0.0,1.1,-60.0
2017-09-30,8,0,72,13,-84.61,0.0,-21.74,-27.78
2017-10-01,5,0,57,13,-37.5,0.0,-20.83,0.0
2017-10-02,61,0,94,11,1119.78,0.0,64.91,-15.38
2017-10-03,59,0,97,11,-3.28,0.0,3.19,0.0
2017-10-04,72,0,99,11,22.03,0.0,2.06,0.0
2017-10-05,92,0,92,39,27.78,0.0,-7.07,254.52
2017-10-06,72,0,91,34,-21.74,0.0,-1.09,-12.82
2017-10-07,8,0,69,13,-88.89,0.0,-24.18,-61.76
2017-10-08,6,0,58,25,-25.0,0.0,-15.94,92.3
2017-10-09,59,0,91,16,883.19,0.0,56.9,-36.0
2017-10-10,59,93,94,22,0.0,9300000.0,3.3,37.5
2017-10-11,65,0,94,38,10.17,-100.0,0.0,72.72
2017-10-12,32,0,84,11,-50.77,0.0,-10.64,-71.05
2017-10-13,49,0,88,62,53.12,0.0,4.76,463.59
2017-10-14,8,0,69,25,-83.67,0.0,-21.59,-59.68
2017-10-15,5,0,54,13,-37.5,0.0,-21.74,-48.0
2017-10-16,45,0,90,11,799.84,0.0,66.67,-15.38
2017-10-17,48,0,100,16,6.67,0.0,11.11,45.45
2017-10-18,50,0,97,33,4.17,0.0,-3.0,106.24
2017-10-19,54,0,94,45,8.0,0.0,-3.09,36.36
2017-10-20,56,0,91,46,3.7,0.0,-3.19,2.22
2017-10-21,7,0,68,38,-87.5,0.0,-25.27,-17.39
2017-10-22,4,0,57,18,-42.85,0.0,-16.18,-52.63
2017-10-23,46,90,92,16,1049.74,9000000.0,61.4,-11.11
2017-10-24,48,0,93,32,4.35,-100.0,1.09,99.99
2017-10-25,49,0,92,5,2.08,0.0,-1.08,-84.37
2017-10-26,78,0,91,17,59.18,0.0,-1.09,239.95
2017-10-27,100,0,87,17,28.2,0.0,-4.4,0.0
2017-10-28,10,0,66,25,-90.0,0.0,-24.14,47.06
2017-10-29,5,0,55,30,-50.0,0.0,-16.67,20.0
2017-10-30,66,0,91,27,1219.76,0.0,65.45,-10.0
2017-10-31,66,0,89,17,0.0,0.0,-2.2,-37.04
2017-11-01,48,0,81,28,-27.27,0.0,-8.99,64.7
2017-11-02,58,0,80,27,20.83,0.0,-1.23,-3.57
2017-11-03,57,0,90,23,-1.72,0.0,12.5,-14.81
2017-11-04,8,0,69,12,-85.96,0.0,-23.33,-47.82
2017-11-05,5,0,57,12,-37.5,0.0,-17.39,0.0
2017-11-06,48,0,88,10,859.83,0.0,54.39,-16.67
2017-11-07,49,0,93,37,2.08,0.0,5.68,269.97
2017-11-08,48,0,96,16,-2.04,0.0,3.23,-56.76
2017-11-09,50,0,93,21,4.17,0.0,-3.12,31.25
2017-11-10,46,0,90,17,-8.0,0.0,-3.23,-19.05
2017-11-11,5,0,69,19,-89.13,0.0,-23.33,11.76
2017-11-12,3,0,55,12,-39.99,0.0,-20.29,-36.84
2017-11-13,49,0,88,37,1532.82,0.0,60.0,208.32
2017-11-14,55,0,92,16,12.24,0.0,4.55,-56.76
2017-11-15,51,0,90,27,-7.27,0.0,-2.17,68.75
2017-11-16,55,0,95,5,7.84,0.0,5.56,-81.48
2017-11-17,51,0,95,11,-7.27,0.0,0.0,119.98
2017-11-18,7,0,69,6,-86.27,0.0,-27.37,-45.45
2017-11-19,3,0,59,6,-57.13,0.0,-14.49,0.0
2017-11-20,51,0,88,11,1599.47,0.0,49.15,83.32
2017-11-21,49,0,96,37,-3.92,0.0,9.09,236.34
2017-11-22,54,0,96,43,10.2,0.0,0.0,16.22
2017-11-23,48,0,94,16,-11.11,0.0,-2.08,-62.79
2017-11-24,48,0,91,39,0.0,0.0,-3.19,143.74
2017-11-25,5,0,69,12,-89.58,0.0,-24.18,-69.23
2017-11-26,5,0,60,18,0.0,0.0,-13.04,50.0
2017-11-27,47,0,87,31,839.83,0.0,45.0,72.22
2017-11-28,47,0,94,26,0.0,0.0,8.05,-16.13
2017-11-29,51,0,90,26,8.51,0.0,-4.26,0.0
2017-11-30,52,0,90,21,1.96,0.0,0.0,-19.23
2017-12-01,45,0,85,5,-13.46,0.0,-5.56,-76.19
2017-12-02,6,0,67,18,-86.66,0.0,-21.18,259.95
2017-12-03,4,0,54,6,-33.33,0.0,-19.4,-66.66
2017-12-04,47,0,89,5,1074.73,0.0,64.81,-16.66
2017-12-05,44,0,90,21,-6.38,0.0,1.12,319.94
2017-12-06,26,0,89,5,-40.91,0.0,-1.11,-76.19
2017-12-07,45,0,85,16,73.07,0.0,-4.49,219.96
2017-12-08,40,0,72,45,-11.11,0.0,-15.29,181.24
2017-12-09,7,0,59,6,-82.5,0.0,-18.06,-86.66
2017-12-10,5,0,53,12,-28.57,0.0,-10.17,99.98
2017-12-11,44,0,85,16,779.84,0.0,60.38,33.33
2017-12-12,48,0,88,100,9.09,0.0,3.53,524.97
2017-12-13,46,0,88,21,-4.17,0.0,0.0,-79.0
2017-12-14,47,0,87,27,2.17,0.0,-1.14,28.57
2017-12-15,43,96,89,40,-8.51,9600000.0,2.3,48.15
2017-12-16,6,0,63,13,-86.04,-100.0,-29.21,-67.5
2017-12-17,6,0,52,19,0.0,0.0,-17.46,46.15
2017-12-18,41,0,85,16,583.24,0.0,63.46,-15.79
2017-12-19,48,0,86,27,17.07,0.0,1.18,68.75
2017-12-20,44,0,87,6,-8.33,0.0,1.16,-77.77
2017-12-21,51,0,84,0,15.91,0.0,-3.45,-99.98
2017-12-22,55,0,77,6,7.84,0.0,-8.33,600000.0
2017-12-23,8,0,53,0,-85.45,0.0,-31.17,-99.98
2017-12-24,4,0,41,0,-49.99,0.0,-22.64,0.0
2017-12-25,5,0,35,0,24.99,0.0,-14.63,0.0
2017-12-26,28,0,78,0,459.91,0.0,122.85,0.0
2017-12-27,51,0,91,11,82.14,0.0,16.67,1100000.0
2017-12-28,46,0,87,6,-9.8,0.0,-4.4,-45.45
2017-12-29,46,0,82,0,0.0,0.0,-5.75,-99.98
2017-12-30,7,0,59,6,-84.78,0.0,-28.05,600000.0
2017-12-31,4,0,42,13,-42.85,0.0,-28.81,116.65
2018-01-01,4,0,36,6,0.0,0.0,-14.29,-53.84
2018-01-02,47,0,85,11,1074.73,0.0,136.11,83.32
2018-01-03,47,0,91,5,0.0,0.0,7.06,-54.54
2018-01-04,53,0,91,0,12.77,0.0,0.0,-99.98
2018-01-05,56,0,83,0,5.66,0.0,-8.79,0.0
2018-01-06,7,0,59,6,-87.5,0.0,-28.92,600000.0
2018-01-07,5,0,55,18,-28.57,0.0,-6.78,199.97
2018-01-08,52,0,86,0,939.81,0.0,56.36,-99.99
2018-01-09,51,0,94,16,-1.92,0.0,9.3,1600000.0
2018-01-10,53,0,92,5,3.92,0.0,-2.13,-68.75
2018-01-11,58,0,91,0,9.43,0.0,-1.09,-99.98
2018-01-12,59,0,87,16,1.72,0.0,-4.4,1600000.0
2018-01-13,6,0,67,0,-89.83,0.0,-22.99,-99.99
2018-01-14,3,100,56,6,-49.99,10000000.0,-16.42,600000.0
2018-01-15,53,0,95,26,1666.11,-100.0,69.64,333.28
2018-01-16,57,87,92,15,7.55,8700000.0,-3.16,-42.31
2018-01-17,55,0,90,31,-3.51,-100.0,-2.17,106.66
2018-01-18,45,0,86,14,-18.18,0.0,-4.44,-54.84
2018-01-18,45,0,86,10,0.0,0.0,0.0,-28.57
2018-01-18,45,0,87,14,0.0,0.0,1.16,40.0
2018-01-18,45,0,87,10,0.0,0.0,0.0,-28.57
2018-01-18,45,0,86,14,0.0,0.0,-1.15,40.0
2018-01-18,45,0,86,10,0.0,0.0,0.0,-28.57
2018-01-18,45,0,87,14,0.0,0.0,1.16,40.0
2018-01-18,45,0,87,10,0.0,0.0,0.0,-28.57
2018-01-18,52,0,86,14,15.56,0.0,-1.15,40.0
2018-01-18,52,0,86,10,0.0,0.0,0.0,-28.57
2018-01-18,52,0,87,14,0.0,0.0,1.16,40.0
2018-01-18,52,0,87,10,0.0,0.0,0.0,-28.57
2018-01-18,52,0,86,14,0.0,0.0,-1.15,40.0
2018-01-18,52,0,86,10,0.0,0.0,0.0,-28.57
2018-01-18,52,0,87,14,0.0,0.0,1.16,40.0
2018-01-18,52,0,87,10,0.0,0.0,0.0,-28.57
2018-01-19,44,0,85,50,-15.38,0.0,-2.3,399.96
2018-01-20,4,0,65,0,-90.91,0.0,-23.53,-100.0
2018-01-21,3,0,53,23,-24.99,0.0,-18.46,2300000.0
2018-01-22,47,0,88,20,1466.18,0.0,66.04,-13.04
2018-01-23,47,0,92,20,0.0,0.0,4.55,0.0
2018-01-24,48,0,87,13,2.13,0.0,-5.43,-35.0
2018-01-25,46,0,86,27,-4.17,0.0,-1.15,107.68
2018-01-26,50,0,85,14,8.7,0.0,-1.16,-48.15
2018-01-27,6,0,62,8,-88.0,0.0,-27.06,-42.85
2018-01-28,4,0,53,39,-33.33,0.0,-14.52,387.45
2018-01-29,43,0,85,27,974.76,0.0,60.38,-30.77
2018-01-30,41,0,90,34,-4.65,0.0,5.88,25.92
2018-01-31,43,0,87,47,4.88,0.0,-3.33,38.23
2018-02-01,45,31,88,13,4.65,3100000.0,1.15,-72.34
2018-02-02,47,0,87,28,4.44,-100.0,-1.14,115.38
2018-02-03,5,0,65,16,-89.36,0.0,-25.29,-42.86
2018-02-04,3,0,51,8,-39.99,0.0,-21.54,-50.0
2018-02-05,42,0,82,27,1299.57,0.0,60.78,237.47
2018-02-06,70,31,93,34,66.67,3100000.0,13.41,25.92
2018-02-07,61,31,88,27,-12.86,0.0,-5.38,-20.59
2018-02-08,57,97,92,56,-6.56,212.9,4.55,107.4
2018-02-09,59,0,86,35,3.51,-100.0,-6.52,-37.5
2018-02-10,5,0,66,24,-91.52,0.0,-23.26,-31.43
2018-02-11,5,0,53,8,0.0,0.0,-19.7,-66.66
2018-02-12,63,64,76,14,1159.77,6400000.0,43.4,74.99
2018-02-13,56,32,75,28,-11.11,-50.0,-1.32,99.99
2018-02-14,56,32,87,14,0.0,0.0,16.0,-50.0
2018-02-15,59,0,97,48,5.36,-100.0,11.49,242.84
2018-02-16,49,0,93,21,-16.95,0.0,-4.12,-56.25
2018-02-17,7,0,69,8,-85.71,0.0,-25.81,-61.9
2018-02-18,4,0,58,16,-42.85,0.0,-15.94,99.99
2018-02-19,53,0,92,20,1224.69,0.0,58.62,25.0
2018-02-20,49,0,93,47,-7.55,0.0,1.09,134.99
2018-02-21,50,0,94,34,2.04,0.0,1.08,-27.66
2018-02-22,54,32,92,27,8.0,3200000.0,-2.13,-20.59
2018-02-23,50,0,88,28,-7.41,-100.0,-4.35,3.7
2018-02-24,6,0,65,0,-88.0,0.0,-26.14,-100.0
2018-02-25,4,0,55,15,-33.33,0.0,-15.38,1500000.0
2018-02-26,50,0,90,33,1149.71,0.0,63.64,119.99
2018-02-27,56,0,94,34,12.0,0.0,4.44,3.03
2018-02-28,45,0,93,53,-19.64,0.0,-1.06,55.88
2018-03-01,45,0,92,20,0.0,0.0,-1.08,-62.26
2018-03-02,49,98,90,7,8.89,9800000.0,-2.17,-65.0
2018-03-03,7,0,69,15,-85.71,-100.0,-23.33,114.27
2018-03-04,4,0,53,8,-42.85,0.0,-23.19,-46.66
2018-03-05,49,94,89,47,1124.72,9400000.0,67.92,487.44
2018-03-06,48,0,90,40,-2.04,-100.0,1.12,-14.89
2018-03-07,47,0,88,20,-2.08,0.0,-2.22,-50.0
2018-03-08,48,0,87,41,2.13,0.0,-1.14,104.99
2018-03-09,47,33,87,29,-2.08,3300000.0,0.0,-29.27
2018-03-10,7,0,66,16,-85.1,-100.0,-24.14,-44.83
2018-03-11,4,0,57,23,-42.85,0.0,-13.64,43.75
2018-03-12,50,0,89,13,1149.71,0.0,56.14,-43.48
2018-03-13,49,0,89,20,-2.0,0.0,0.0,53.84
2018-03-14,50,0,90,34,2.04,0.0,1.12,70.0
2018-03-15,47,0,91,34,-6.0,0.0,1.11,0.0
2018-03-16,46,0,88,28,-2.13,0.0,-3.3,-17.65
2018-03-17,6,0,62,23,-86.95,0.0,-29.55,-17.86
2018-03-18,5,0,53,8,-16.66,0.0,-14.52,-65.21
2018-03-19,46,0,81,48,819.84,0.0,52.83,499.94
2018-03-20,50,31,88,20,8.7,3100000.0,8.64,-58.33
2018-03-21,48,0,90,34,-4.0,-100.0,2.27,70.0
2018-03-22,47,32,87,61,-2.08,3200000.0,-3.33,79.41
2018-03-23,50,33,83,21,6.38,3.12,-4.6,-65.57
2018-03-24,5,0,66,24,-90.0,-100.0,-20.48,14.29
2018-03-25,3,0,58,16,-39.99,0.0,-12.12,-33.33
2018-03-26,47,0,85,13,1466.18,0.0,46.55,-18.75
2018-03-27,51,0,86,14,8.51,0.0,1.18,7.69
2018-03-28,49,0,85,7,-3.92,0.0,-1.16,-50.0
2018-03-29,40,0,71,14,-18.37,0.0,-16.47,99.99
2018-03-30,14,0,56,8,-65.0,0.0,-21.13,-42.85
2018-03-31,4,0,57,0,-71.42,0.0,1.79,-99.99
2018-04-01,3,0,52,16,-24.99,0.0,-8.77,1600000.0
2018-04-02,27,0,90,14,799.73,0.0,73.08,-12.5
2018-04-03,46,0,96,7,70.37,0.0,6.67,-50.0
2018-04-04,44,0,91,20,-4.35,0.0,-5.21,185.69
2018-04-05,54,0,90,21,22.73,0.0,-1.1,5.0
2018-04-06,59,0,88,7,9.26,0.0,-2.22,-66.66
2018-04-07,7,0,65,8,-88.13,0.0,-26.14,14.28
2018-04-08,4,0,57,16,-42.85,0.0,-12.31,99.99
2018-04-09,51,0,92,48,1174.71,0.0,61.4,199.99
2018-04-10,55,62,93,20,7.84,6200000.0,1.09,-58.33
2018-04-11,47,0,91,27,-14.55,-100.0,-2.15,35.0
2018-04-12,44,0,89,27,-6.38,0.0,-2.2,0.0
2018-04-13,53,0,86,36,20.45,0.0,-3.37,33.33
2018-04-14,5,0,64,32,-90.56,0.0,-25.58,-11.11
2018-04-15,4,0,54,39,-20.0,0.0,-15.62,21.87
2018-04-16,45,0,91,33,1024.74,0.0,68.52,-15.38
2018-04-17,49,0,92,46,8.89,0.0,1.1,39.39
2018-04-18,51,0,86,27,4.08,0.0,-6.52,-41.3
2018-04-19,54,0,85,14,5.88,0.0,-1.16,-48.15
2018-04-20,53,33,87,14,-1.85,3300000.0,2.35,0.0
2018-04-21,7,0,64,32,-86.79,-100.0,-26.44,128.56
2018-04-22,4,0,53,23,-42.85,0.0,-17.19,-28.12
2018-04-23,46,32,88,60,1049.74,3200000.0,66.04,160.86
2018-04-24,49,0,89,20,6.52,-100.0,1.14,-66.67
2018-04-25,50,0,83,13,2.04,0.0,-6.74,-35.0
2018-04-26,48,0,89,27,-4.0,0.0,7.23,107.68
2018-04-27,51,0,89,0,6.25,0.0,0.0,-100.0
2018-04-28,6,0,70,16,-88.23,0.0,-21.35,1600000.0
2018-04-29,5,0,55,8,-16.66,0.0,-21.43,-50.0
2018-04-30,49,0,86,28,879.82,0.0,56.36,249.97
2018-05-01,12,0,66,36,-75.51,0.0,-23.26,28.57
2018-05-02,51,0,92,20,324.97,0.0,39.39,-44.44
2018-05-03,48,31,92,20,-5.88,3100000.0,0.0,0.0
2018-05-04,56,0,87,28,16.67,-100.0,-5.43,40.0
2018-05-05,6,0,67,24,-89.28,0.0,-22.99,-14.29
2018-05-06,4,0,58,39,-33.33,0.0,-13.43,62.5
2018-05-07,48,0,89,13,1099.73,0.0,53.45,-66.66
2018-05-08,51,32,95,20,6.25,3200000.0,6.74,53.84
2018-05-09,58,0,91,20,13.73,-100.0,-4.21,0.0
2018-05-10,53,32,86,41,-8.62,3200000.0,-5.49,104.99
2018-05-11,57,0,88,57,7.55,-100.0,2.33,39.02
2018-05-12,6,0,63,23,-89.47,0.0,-28.41,-59.65
2018-05-13,4,0,50,0,-33.33,0.0,-20.63,-100.0
2018-05-14,51,0,88,55,1174.71,0.0,76.0,5500000.0
2018-05-15,50,0,97,40,-1.96,0.0,10.23,-27.27
2018-05-16,46,0,92,54,-8.0,0.0,-5.15,35.0
2018-05-17,47,0,93,34,2.17,0.0,1.09,-37.04
2018-05-18,48,0,88,7,2.13,0.0,-5.38,-79.41
2018-05-19,6,0,65,39,-87.5,0.0,-26.14,457.08
2018-05-20,4,0,56,16,-33.33,0.0,-13.85,-58.97
2018-05-21,47,0,88,21,1074.73,0.0,57.14,31.25
2018-05-22,49,0,93,34,4.26,0.0,5.68,61.9
2018-05-23,51,0,88,67,4.08,0.0,-5.38,97.06
2018-05-24,54,0,85,42,5.88,0.0,-3.41,-37.31
2018-05-25,56,0,83,29,3.7,0.0,-2.35,-30.95
2018-05-26,7,0,63,16,-87.5,0.0,-24.1,-44.83
2018-05-27,5,0,53,16,-28.57,0.0,-15.87,0.0
2018-05-28,51,0,91,48,919.82,0.0,71.7,199.99
2018-05-29,60,0,89,41,17.65,0.0,-2.2,-14.58
2018-05-30,60,0,87,67,0.0,0.0,-2.25,63.41
2018-05-31,86,33,85,57,43.33,3300000.0,-2.3,-14.93
2018-06-01,100,0,89,21,16.28,-100.0,4.71,-63.16
2018-06-02,8,0,65,16,-92.0,0.0,-26.97,-23.81
2018-06-03,7,0,57,24,-12.5,0.0,-12.31,50.0
2018-06-04,58,0,87,27,728.47,0.0,52.63,12.5
2018-06-05,56,0,94,40,-3.45,0.0,8.05,48.15
2018-06-06,60,0,90,33,7.14,0.0,-4.26,-17.5
2018-06-07,58,0,89,27,-3.33,0.0,-1.11,-18.18
2018-06-08,56,100,88,7,-3.45,10000000.0,-1.12,-74.07
2018-06-09,7,0,69,24,-87.5,-100.0,-21.59,242.82
2018-06-10,4,0,52,8,-42.85,0.0,-24.64,-66.66
2018-06-11,55,0,90,33,1274.68,0.0,73.08,312.46
2018-06-12,58,58,90,50,5.45,5800000.0,0.0,51.51
2018-06-13,53,0,90,6,-8.62,-100.0,0.0,-88.0
2018-06-14,57,0,86,20,7.55,0.0,-4.44,233.29
2018-06-15,53,0,85,36,-7.02,0.0,-1.16,80.0
2018-06-16,6,0,57,24,-88.68,0.0,-32.94,-33.33
2018-06-17,5,0,49,8,-16.66,0.0,-14.03,-66.66
2018-06-18,50,32,85,20,899.82,3200000.0,73.47,149.98
2018-06-19,50,0,87,27,0.0,-100.0,2.35,35.0
2018-06-20,51,0,87,27,2.0,0.0,0.0,0.0
2018-06-21,50,32,82,14,-1.96,3200000.0,-5.75,-48.15
2018-06-22,45,0,80,28,-10.0,-100.0,-2.44,99.99
2018-06-23,6,0,61,55,-86.66,0.0,-23.75,96.43
2018-06-24,3,0,51,23,-49.99,0.0,-16.39,-58.18
2018-06-25,46,0,85,53,1432.86,0.0,66.67,130.43
2018-06-26,46,0,82,53,0.0,0.0,-3.53,0.0
2018-06-27,54,0,77,87,17.39,0.0,-6.1,64.15
2018-06-28,48,0,85,27,-11.11,0.0,10.39,-68.96
2018-06-29,51,34,86,22,6.25,3400000.0,1.18,-18.52
2018-06-30,7,0,58,16,-86.27,-100.0,-32.56,-27.27
2018-07-01,4,0,54,31,-42.85,0.0,-6.9,93.74
2018-07-02,46,0,76,33,1049.74,0.0,40.74,6.45
2018-07-03,45,0,88,13,-2.17,0.0,15.79,-60.6
2018-07-04,57,0,93,21,26.67,0.0,5.68,61.53
2018-07-05,55,0,86,28,-3.51,0.0,-7.53,33.33
2018-07-06,50,0,79,27,-9.09,0.0,-8.14,-3.57
2018-07-07,7,0,62,45,-86.0,0.0,-21.52,66.66
2018-07-08,4,0,57,16,-42.85,0.0,-8.06,-64.44
2018-07-09,53,0,85,27,1224.69,0.0,49.12,68.75
2018-07-10,51,30,90,32,-3.77,3000000.0,5.88,18.52
2018-07-11,47,0,91,25,-7.84,-100.0,1.11,-21.87
2018-07-12,49,0,90,56,4.26,0.0,-1.1,124.0
2018-07-13,50,0,90,29,2.04,0.0,0.0,-48.21
2018-07-14,5,0,65,32,-90.0,0.0,-27.78,10.34
2018-07-15,3,0,50,16,-39.99,0.0,-23.08,-50.0
2018-07-16,46,0,91,28,1432.86,0.0,82.0,75.0
2018-07-17,46,0,94,21,0.0,0.0,3.3,-25.0
2018-07-18,47,0,93,35,2.17,0.0,-1.06,66.66
2018-07-19,46,0,90,14,-2.13,0.0,-3.23,-60.0
2018-07-20,44,0,85,7,-4.35,0.0,-5.56,-50.0
2018-07-21,5,0,66,8,-88.63,0.0,-22.35,14.28
2018-07-22,3,0,58,25,-39.99,0.0,-12.12,212.47
2018-07-23,44,0,90,35,1366.21,0.0,55.17,40.0
2018-07-24,45,0,89,14,2.27,0.0,-1.11,-60.0
2018-07-25,46,0,90,28,2.22,0.0,1.12,99.99
2018-07-26,53,0,100,42,15.22,0.0,11.11,50.0
2018-07-27,51,0,92,43,-3.77,0.0,-8.0,2.38
2018-07-28,6,0,70,16,-88.23,0.0,-23.91,-62.79
2018-07-29,3,0,58,32,-49.99,0.0,-17.14,99.99
2018-07-30,48,0,90,41,1499.5,0.0,55.17,28.12
2018-07-31,51,0,94,47,6.25,0.0,4.44,14.63
2018-08-01,43,0,94,41,-15.69,0.0,0.0,-12.77
2018-08-02,45,0,89,20,4.65,0.0,-5.32,-51.22
2018-08-03,44,0,89,14,-2.22,0.0,0.0,-30.0
2018-08-04,6,0,68,16,-86.36,0.0,-23.6,14.28
2018-08-05,5,0,56,8,-16.66,0.0,-17.65,-50.0
2018-08-06,41,0,89,27,719.86,0.0,58.93,237.47
2018-08-07,43,0,87,20,4.88,0.0,-2.25,-25.92
2018-08-08,45,0,91,20,4.65,0.0,4.6,0.0
2018-08-09,45,32,94,27,0.0,3200000.0,3.3,35.0
2018-08-10,49,0,89,14,8.89,-100.0,-5.32,-48.15
2018-08-11,7,0,69,24,-85.71,0.0,-22.47,71.42
2018-08-12,4,0,54,8,-42.85,0.0,-21.74,-66.66
2018-08-13,45,0,90,0,1024.74,0.0,66.67,-99.99
2018-08-14,43,0,89,13,-4.44,0.0,-1.11,1300000.0
2018-08-15,32,0,85,35,-25.58,0.0,-4.49,169.22
2018-08-16,47,0,90,28,46.87,0.0,5.88,-20.0
2018-08-17,45,32,79,27,-4.26,3200000.0,-12.22,-3.57
2018-08-18,6,0,67,24,-86.66,-100.0,-15.19,-11.11
2018-08-19,5,0,55,16,-16.66,0.0,-17.91,-33.33
2018-08-20,42,0,80,21,739.85,0.0,45.45,31.25
2018-08-21,44,0,91,49,4.76,0.0,13.75,133.33
2018-08-22,48,0,90,21,9.09,0.0,-1.1,-57.14
2018-08-23,47,0,87,55,-2.08,0.0,-3.33,161.9
2018-08-24,47,0,85,100,0.0,0.0,-2.3,81.82
2018-08-25,6,0,66,39,-87.23,0.0,-22.35,-61.0
2018-08-26,5,0,56,39,-16.66,0.0,-15.15,0.0
2018-08-27,45,0,87,75,799.84,0.0,55.36,92.31
2018-08-28,44,0,93,41,-2.22,0.0,6.9,-45.33
2018-08-29,47,0,90,40,6.82,0.0,-3.23,-2.44
2018-08-30,44,0,84,81,-6.38,0.0,-6.67,102.5
2018-08-31,45,0,86,56,2.27,0.0,2.38,-30.86
2018-09-01,6,0,66,31,-86.66,0.0,-23.26,-44.64
2018-09-02,4,0,58,15,-33.33,0.0,-12.12,-51.61
2018-09-03,46,0,92,63,1049.74,0.0,58.62,319.98
2018-09-04,45,0,92,67,-2.17,0.0,0.0,6.35
2018-09-05,45,0,89,40,0.0,0.0,-3.26,-40.3
2018-09-06,46,0,85,26,2.22,0.0,-4.49,-35.0
2018-09-07,49,0,77,21,6.52,0.0,-9.41,-19.23
2018-09-08,7,0,61,15,-85.71,0.0,-20.78,-28.57
2018-09-09,4,0,51,45,-42.85,0.0,-16.39,199.99
2018-09-10,48,0,85,65,1099.73,0.0,66.67,44.44
2018-09-11,46,0,89,46,-4.17,0.0,4.71,-29.23
2018-09-12,47,0,86,27,2.17,0.0,-3.37,-41.3
2018-09-13,52,0,84,13,10.64,0.0,-2.33,-51.85
2018-09-14,47,0,86,14,-9.62,0.0,2.38,7.69
2018-09-15,6,0,65,31,-87.23,0.0,-24.42,121.42
2018-09-16,5,0,50,30,-16.66,0.0,-23.08,-3.23
2018-09-17,49,0,85,47,879.82,0.0,70.0,56.66
2018-09-18,48,0,87,40,-2.04,0.0,2.35,-14.89
2018-09-19,50,0,84,33,4.17,0.0,-3.45,-17.5
2018-09-20,53,0,85,27,6.0,0.0,1.19,-18.18
2018-09-21,53,0,82,56,0.0,0.0,-3.53,107.4
2018-09-22,7,0,61,31,-86.79,0.0,-25.61,-44.64
2018-09-23,5,0,54,23,-28.57,0.0,-11.48,-25.81
2018-09-24,45,0,86,13,799.84,0.0,59.26,-43.48
2018-09-25,53,0,85,79,17.78,0.0,-1.16,507.65
2018-09-26,47,31,87,20,-11.32,3100000.0,2.35,-74.68
2018-09-27,47,0,84,27,0.0,-100.0,-3.45,35.0
2018-09-28,48,0,85,34,2.13,0.0,1.19,25.92
2018-09-29,6,0,60,39,-87.5,0.0,-29.41,14.71
2018-09-30,4,0,52,60,-33.33,0.0,-13.33,53.84
2018-10-01,47,0,85,66,1074.73,0.0,63.46,10.0
2018-10-02,45,0,85,99,-4.26,0.0,0.0,50.0
2018-10-03,47,0,87,53,4.44,0.0,2.35,-46.46
2018-10-04,46,32,83,54,-2.13,3200000.0,-4.6,1.89
2018-10-05,46,0,84,56,0.0,-100.0,1.2,3.7
2018-10-06,5,0,62,39,-89.13,0.0,-26.19,-30.36
2018-10-07,3,0,47,30,-39.99,0.0,-24.19,-23.08
2018-10-08,44,0,82,61,1366.21,0.0,74.47,103.33
2018-10-09,47,0,86,46,6.82,0.0,4.88,-24.59
2018-10-10,65,0,93,40,38.3,0.0,8.14,-13.04
2018-10-10,65,0,93,40,0.0,0.0,0.0,0.0
2018-10-10,65,0,85,40,0.0,0.0,-8.6,0.0
2018-10-10,65,0,85,40,0.0,0.0,0.0,0.0
2018-10-10,65,0,93,40,0.0,0.0,9.41,0.0
2018-10-10,65,0,93,40,0.0,0.0,0.0,0.0
2018-10-10,65,0,85,40,0.0,0.0,-8.6,0.0
2018-10-10,65,0,85,40,0.0,0.0,0.0,0.0
2018-10-10,51,0,93,40,-21.54,0.0,9.41,0.0
2018-10-10,51,0,93,40,0.0,0.0,0.0,0.0
2018-10-10,51,0,85,40,0.0,0.0,-8.6,0.0
2018-10-10,51,0,85,40,0.0,0.0,0.0,0.0
2018-10-10,51,0,93,40,0.0,0.0,9.41,0.0
2018-10-10,51,0,93,40,0.0,0.0,0.0,0.0
2018-10-10,51,0,85,40,0.0,0.0,-8.6,0.0
2018-10-10,51,0,85,40,0.0,0.0,0.0,0.0
2018-10-11,70,0,91,48,37.25,0.0,7.06,20.0
2018-10-12,41,0,80,43,-41.43,0.0,-12.09,-10.42
2018-10-13,8,0,67,23,-80.49,0.0,-16.25,-46.51
2018-10-14,7,0,59,39,-12.5,0.0,-11.94,69.56
2018-10-15,68,0,92,47,871.3,0.0,55.93,20.51
2018-10-16,72,0,97,20,5.88,0.0,5.43,-57.45
2018-10-17,72,0,97,7,0.0,0.0,0.0,-65.0
2018-10-18,83,0,97,21,15.28,0.0,0.0,199.97
2018-10-19,88,52,90,21,6.02,5200000.0,-7.22,0.0
2018-10-20,11,0,68,55,-87.5,-100.0,-24.44,161.9
2018-10-21,6,0,56,54,-45.45,0.0,-17.65,-1.82
2018-10-22,78,0,93,73,1199.8,0.0,66.07,35.18
2018-10-23,73,0,93,53,-6.41,0.0,0.0,-27.4
2018-10-24,71,0,88,53,-2.74,0.0,-5.38,0.0
2018-10-25,77,0,89,13,8.45,0.0,1.14,-75.47
2018-10-26,77,0,89,14,0.0,0.0,0.0,7.69
2018-10-27,7,0,63,7,-90.91,0.0,-29.21,-50.0
2018-10-28,6,0,54,8,-14.28,0.0,-14.29,14.28
2018-10-29,70,0,84,58,1066.49,0.0,55.55,624.92
2018-10-30,72,0,91,13,2.86,0.0,8.33,-77.58
2018-10-31,74,0,89,20,2.78,0.0,-2.2,53.84
2018-11-01,49,0,79,35,-33.78,0.0,-11.24,75.0
2018-11-02,75,0,77,28,53.06,0.0,-2.53,-20.0
2018-11-03,8,0,62,0,-89.33,0.0,-19.48,-100.0
2018-11-04,7,0,63,37,-12.5,0.0,1.61,3700000.0
2018-11-05,78,0,93,58,1014.14,0.0,47.62,56.76
2018-11-06,83,0,100,27,6.41,0.0,7.53,-53.45
2018-11-07,100,0,92,45,20.48,0.0,-8.0,66.66
2018-11-08,93,0,95,20,-7.0,0.0,3.26,-55.55
2018-11-09,77,0,93,49,-17.2,0.0,-2.11,144.99
2018-11-10,11,0,68,23,-85.71,0.0,-26.88,-53.06
2018-11-11,7,0,56,7,-36.36,0.0,-17.65,-69.56
2018-11-12,71,0,91,40,914.16,0.0,62.5,471.36
2018-11-13,69,0,96,27,-2.82,0.0,5.49,-32.5
2018-11-14,73,49,91,40,5.8,4900000.0,-5.21,48.15
2018-11-15,77,0,87,34,5.48,-100.0,-4.4,-15.0
2018-11-16,66,0,93,63,-14.29,0.0,6.9,85.29
2018-11-17,9,0,70,46,-86.36,0.0,-24.73,-26.98
2018-11-18,5,0,59,15,-44.44,0.0,-15.71,-67.39
2018-11-19,70,0,91,34,1299.74,0.0,54.24,126.66
2018-11-20,66,0,91,66,-5.71,0.0,0.0,94.11
2018-11-21,71,50,95,34,7.58,5000000.0,4.4,-48.48
2018-11-22,73,0,96,48,2.82,-100.0,1.05,41.18
2018-11-23,66,0,89,48,-9.59,0.0,-7.29,0.0
2018-11-24,8,0,68,45,-87.88,0.0,-23.6,-6.25
2018-11-25,5,0,60,22,-37.5,0.0,-11.76,-51.11
2018-11-26,67,0,89,52,1239.75,0.0,48.33,136.36
2018-11-27,81,0,89,13,20.9,0.0,0.0,-75.0
2018-11-28,74,0,89,39,-8.64,0.0,0.0,199.98
2018-11-29,72,0,88,47,-2.7,0.0,-1.12,20.51
2018-11-30,71,50,88,27,-1.39,5000000.0,0.0,-42.55
2018-12-01,8,0,64,31,-88.73,-100.0,-27.27,14.81
2018-12-02,6,0,55,23,-25.0,0.0,-14.06,-25.81
2018-12-03,73,0,90,54,1116.48,0.0,63.64,134.78
2018-12-04,71,0,94,47,-2.74,0.0,4.44,-12.96
2018-12-05,65,0,93,100,-8.45,0.0,-1.06,112.76
2018-12-06,54,49,90,27,-16.92,4900000.0,-3.23,-73.0
2018-12-07,75,0,86,35,38.89,-100.0,-4.44,29.63
2018-12-08,10,0,61,23,-86.67,0.0,-29.07,-34.28
2018-12-09,7,0,50,8,-30.0,0.0,-18.03,-65.21
2018-12-10,65,49,85,20,828.45,4900000.0,70.0,149.98
2018-12-11,74,0,90,13,13.85,-100.0,5.88,-35.0
2018-12-12,83,0,86,28,12.16,0.0,-4.44,115.38
2018-12-13,87,0,90,14,4.82,0.0,4.65,-50.0
2018-12-14,78,0,87,28,-10.34,0.0,-3.33,99.99
2018-12-15,10,0,64,8,-87.18,0.0,-26.44,-71.43
2018-12-16,6,0,54,16,-40.0,0.0,-15.62,99.99
2018-12-17,71,0,88,19,1083.15,0.0,62.96,18.75
2018-12-18,68,0,92,33,-4.23,0.0,4.55,73.68
2018-12-19,73,0,89,42,7.35,0.0,-3.26,27.27
2018-12-20,80,0,87,43,9.59,0.0,-2.25,2.38
2018-12-21,78,0,83,0,-2.5,0.0,-4.6,-100.0
2018-12-22,10,0,60,24,-87.18,0.0,-27.71,2400000.0
2018-12-23,7,0,50,33,-30.0,0.0,-16.67,37.5
2018-12-24,49,60,57,0,599.91,6000000.0,14.0,-100.0
2018-12-25,16,0,37,9,-67.35,-100.0,-35.09,900000.0
2018-12-26,57,0,83,30,256.23,0.0,124.32,233.31
2018-12-27,81,0,90,22,42.1,0.0,8.43,-26.67
2018-12-28,80,0,87,22,-1.23,0.0,-3.33,0.0
2018-12-29,15,0,66,16,-81.25,0.0,-24.14,-27.27
2018-12-30,7,0,50,32,-53.33,0.0,-24.24,99.99
2018-12-31,57,0,63,16,714.18,0.0,26.0,-50.0
2019-01-01,15,0,37,0,-73.68,0.0,-41.27,-99.99
2019-01-02,81,0,87,28,439.97,0.0,135.13,2800000.0
2019-01-03,82,0,90,48,1.23,0.0,3.45,71.43
2019-01-04,95,0,88,14,15.85,0.0,-2.22,-70.83
2019-01-05,11,0,71,8,-88.42,0.0,-19.32,-42.85
2019-01-06,9,0,53,23,-18.18,0.0,-25.35,187.48
2019-01-07,77,49,89,14,755.47,4900000.0,67.92,-39.13
2019-01-08,91,0,94,33,18.18,-100.0,5.62,135.7
2019-01-09,86,49,95,40,-5.49,4900000.0,1.06,21.21
2019-01-10,95,0,94,13,10.46,-100.0,-1.05,-67.5
2019-01-11,82,50,91,35,-13.68,5000000.0,-3.19,169.22
2019-01-12,12,0,67,53,-85.36,-100.0,-26.37,51.43
2019-01-13,7,0,55,30,-41.66,0.0,-17.91,-43.4
2019-01-14,76,0,93,39,985.57,0.0,69.09,30.0
2019-01-15,84,0,98,27,10.53,0.0,5.38,-30.77
2019-01-16,93,0,95,13,10.71,0.0,-3.06,-51.85
2019-01-17,90,0,90,27,-3.23,0.0,-5.26,107.68
2019-01-18,86,49,86,20,-4.44,4900000.0,-4.44,-25.92
2019-01-19,12,0,69,30,-86.05,-100.0,-19.77,50.0
2019-01-20,7,0,58,22,-41.66,0.0,-15.94,-26.67
2019-01-21,78,0,89,46,1014.14,0.0,53.45,109.09
2019-01-22,80,0,94,53,2.56,0.0,5.62,15.22
2019-01-23,94,47,88,45,17.5,4700000.0,-6.38,-15.09
2019-01-24,91,0,92,26,-3.19,-100.0,4.55,-42.22
2019-01-25,85,0,84,7,-6.59,0.0,-8.7,-73.07
2019-01-26,13,0,68,8,-84.7,0.0,-19.05,14.28
2019-01-27,7,0,57,7,-46.15,0.0,-16.18,-12.5
2019-01-28,76,0,87,58,985.57,0.0,52.63,728.47
2019-01-29,87,0,88,26,14.47,0.0,1.15,-55.17
2019-01-30,78,0,94,19,-10.34,0.0,6.82,-26.92
2019-01-31,84,48,92,52,7.69,4800000.0,-2.13,173.68
2019-02-01,82,0,90,40,-2.38,-100.0,-2.17,-23.08
2019-02-02,10,0,68,22,-87.8,0.0,-24.44,-45.0
2019-02-03,5,0,57,22,-50.0,0.0,-16.18,0.0
2019-02-04,79,0,86,7,1479.7,0.0,50.88,-68.18
2019-02-05,87,0,96,26,10.13,0.0,11.63,271.39
2019-02-06,77,0,94,45,-11.49,0.0,-2.08,73.07
2019-02-07,81,48,94,26,5.19,4800000.0,0.0,-42.22
2019-02-08,76,0,88,40,-6.17,-100.0,-6.38,53.84
2019-02-09,10,0,69,37,-86.84,0.0,-21.59,-7.5
2019-02-10,6,0,57,22,-40.0,0.0,-17.39,-40.54
2019-02-11,78,0,94,13,1199.8,0.0,64.91,-40.91
2019-02-12,78,0,91,83,0.0,0.0,-3.19,538.42
2019-02-13,73,0,92,45,-6.41,0.0,1.1,-45.78
2019-02-14,80,47,91,39,9.59,4700000.0,-1.09,-13.33
2019-02-15,81,49,88,20,1.25,4.26,-3.3,-48.72
2019-02-16,10,0,70,22,-87.65,-100.0,-20.45,10.0
2019-02-17,6,0,61,30,-40.0,0.0,-12.86,36.36
2019-02-18,80,48,93,7,1233.13,4800000.0,52.46,-76.66
2019-02-19,74,0,94,25,-7.5,-100.0,1.08,257.11
2019-02-20,88,0,96,39,18.92,0.0,2.13,56.0
2019-02-21,81,0,91,39,-7.95,0.0,-5.21,0.0
2019-02-22,82,0,84,33,1.23,0.0,-7.69,-15.38
2019-02-23,10,0,66,30,-87.8,0.0,-21.43,-9.09
2019-02-24,6,0,57,7,-40.0,0.0,-13.64,-76.66
2019-02-25,80,47,91,39,1233.13,4700000.0,59.65,457.08
2019-02-26,75,0,92,52,-6.25,-100.0,1.1,33.33
2019-02-27,77,0,92,57,2.67,0.0,0.0,9.62
2019-02-28,80,48,90,53,3.9,4800000.0,-2.17,-7.02
2019-03-01,91,0,85,41,13.75,-100.0,-5.56,-22.64
2019-03-02,11,0,66,45,-87.91,0.0,-22.35,9.76
2019-03-03,7,0,55,53,-36.36,0.0,-16.67,17.78
2019-03-04,78,0,76,13,1014.14,0.0,38.18,-75.47
2019-03-05,75,0,77,40,-3.85,0.0,1.32,207.68
2019-03-06,76,0,90,39,1.33,0.0,16.88,-2.5
2019-03-07,84,0,91,34,10.53,0.0,1.11,-12.82
2019-03-08,82,50,85,21,-2.38,5000000.0,-6.59,-38.23
2019-03-09,8,0,69,8,-90.24,-100.0,-18.82,-61.9
2019-03-10,5,0,59,37,-37.5,0.0,-14.49,362.45
2019-03-11,74,0,91,60,1379.72,0.0,54.24,62.16
2019-03-12,79,0,96,65,6.76,0.0,5.49,8.33
2019-03-13,77,47,90,19,-2.53,4700000.0,-6.25,-70.77
2019-03-14,79,0,92,13,2.6,-100.0,2.22,-31.58
2019-03-15,82,0,89,20,3.8,0.0,-3.26,53.84
2019-03-16,9,0,69,15,-89.02,0.0,-22.47,-25.0
2019-03-17,7,0,58,37,-22.22,0.0,-15.94,146.66
2019-03-18,83,0,88,40,1085.56,0.0,51.72,8.11
2019-03-19,95,46,93,25,14.46,4600000.0,5.68,-37.5
2019-03-20,95,0,96,20,0.0,-100.0,3.23,-20.0
2019-03-21,82,0,92,74,-13.68,0.0,-4.17,269.99
2019-03-22,83,0,86,35,1.22,0.0,-6.52,-52.7
2019-03-23,9,0,71,38,-89.16,0.0,-17.44,8.57
2019-03-24,6,0,62,21,-33.33,0.0,-12.68,-44.74
2019-03-25,80,0,90,61,1233.13,0.0,45.16,190.47
2019-03-26,76,0,91,53,-5.0,0.0,1.11,-13.11
2019-03-27,85,0,90,54,11.84,0.0,-1.1,1.89
2019-03-28,82,0,90,46,-3.53,0.0,0.0,-14.81
2019-03-29,81,0,91,21,-1.22,0.0,1.11,-54.35
2019-03-30,10,0,65,16,-87.65,0.0,-28.57,-23.81
2019-03-31,7,0,58,30,-30.0,0.0,-10.77,87.49
2019-04-01,75,0,89,33,971.29,0.0,53.45,10.0
2019-04-02,79,0,92,73,5.33,0.0,3.37,121.21
2019-04-03,80,0,93,73,1.27,0.0,1.09,0.0
2019-04-04,91,0,90,20,13.75,0.0,-3.23,-72.6
2019-04-05,93,100,90,28,2.2,10000000.0,0.0,40.0
2019-04-06,11,0,70,45,-88.17,-100.0,-22.22,60.71
2019-04-07,6,0,63,46,-45.45,0.0,-10.0,2.22
2019-04-08,74,0,91,20,1133.14,0.0,44.44,-56.52
2019-04-09,77,47,95,52,4.05,4700000.0,4.4,159.99
2019-04-10,72,0,88,71,-6.49,-100.0,-7.37,36.54
2019-04-11,74,0,91,33,2.78,0.0,3.41,-53.52
2019-04-12,77,0,92,50,4.05,0.0,1.1,51.51
2019-04-13,9,0,69,15,-88.31,0.0,-25.0,-70.0
2019-04-14,4,0,61,23,-55.55,0.0,-11.59,53.33
2019-04-15,71,0,87,20,1674.58,0.0,42.62,-13.04
2019-04-16,74,0,92,60,4.23,0.0,5.75,199.99
2019-04-17,73,0,93,48,-1.35,0.0,1.09,-20.0
2019-04-18,65,0,79,14,-10.96,0.0,-15.05,-70.83
2019-04-19,19,0,61,30,-70.77,0.0,-22.78,114.28
2019-04-20,9,0,62,8,-52.63,0.0,1.64,-73.33
2019-04-21,7,0,56,40,-22.22,0.0,-9.68,399.95
2019-04-22,34,0,96,42,385.66,0.0,71.43,5.0
2019-04-23,69,0,96,27,102.94,0.0,0.0,-35.71
2019-04-24,68,48,97,40,-1.45,4800000.0,1.04,48.15
2019-04-25,69,0,96,47,1.47,-100.0,-1.03,17.5
2019-04-26,73,0,96,7,5.8,0.0,0.0,-85.1
2019-04-27,9,0,74,30,-87.67,0.0,-22.92,328.52
2019-04-28,6,0,65,45,-33.33,0.0,-12.16,50.0
2019-04-29,87,0,93,39,1349.78,0.0,43.08,-13.33
2019-04-30,74,0,94,46,-14.94,0.0,1.08,17.95
2019-05-01,19,51,69,28,-74.32,5100000.0,-26.6,-39.13
2019-05-02,67,48,91,52,252.62,-5.88,31.88,85.71
2019-05-03,69,0,90,27,2.99,-100.0,-1.1,-48.08
2019-05-04,9,0,68,7,-86.96,0.0,-24.44,-74.07
2019-05-05,7,0,63,15,-22.22,0.0,-7.35,114.27
2019-05-06,70,0,94,46,899.87,0.0,49.21,206.65
2019-05-07,66,0,96,26,-5.71,0.0,2.13,-43.48
2019-05-08,70,48,94,65,6.06,4800000.0,-2.08,149.99
2019-05-09,70,48,89,60,0.0,0.0,-5.32,-7.69
2019-05-10,73,0,87,41,4.29,-100.0,-2.25,-31.67
2019-05-11,8,0,69,31,-89.04,0.0,-20.69,-24.39
2019-05-12,4,0,55,30,-49.99,0.0,-20.29,-3.23
2019-05-13,67,0,92,40,1574.61,0.0,67.27,33.33
2019-05-14,72,0,96,59,7.46,0.0,4.35,47.5
2019-05-15,68,0,98,20,-5.56,0.0,2.08,-66.1
2019-05-16,72,0,92,39,5.88,0.0,-6.12,95.0
2019-05-17,79,49,92,34,9.72,4900000.0,0.0,-12.82
2019-05-18,9,0,69,38,-88.61,-100.0,-25.0,11.76
2019-05-19,5,0,59,37,-44.44,0.0,-14.49,-2.63
2019-05-20,70,0,89,19,1299.74,0.0,50.85,-48.65
2019-05-21,72,47,95,52,2.86,4700000.0,6.74,173.68
2019-05-22,72,0,94,39,0.0,-100.0,-1.05,-25.0
2019-05-23,68,0,92,51,-5.56,0.0,-2.13,30.77
2019-05-24,77,0,91,20,13.24,0.0,-1.09,-60.78
2019-05-25,9,0,70,38,-88.31,0.0,-23.08,90.0
2019-05-26,7,0,64,23,-22.22,0.0,-8.57,-39.47
2019-05-27,66,0,93,53,842.74,0.0,45.31,130.43
2019-05-28,69,0,93,58,4.55,0.0,0.0,9.43
2019-05-29,63,0,94,52,-8.7,0.0,1.08,-10.34
2019-05-30,77,0,97,73,22.22,0.0,3.19,40.38
2019-05-31,77,50,93,62,0.0,5000000.0,-4.12,-15.07
2019-06-01,7,0,71,52,-90.91,-100.0,-23.66,-16.13
2019-06-02,5,0,64,22,-28.57,0.0,-9.86,-57.69
2019-06-03,71,0,94,58,1319.74,0.0,46.87,163.63
2019-06-04,75,0,99,45,5.63,0.0,5.32,-22.41
2019-06-05,73,0,96,52,-2.67,0.0,-3.03,15.56
2019-06-06,80,47,94,97,9.59,4700000.0,-2.08,86.54
2019-06-07,76,0,93,81,-5.0,-100.0,-1.06,-16.49
2019-06-08,10,0,71,30,-86.84,0.0,-23.66,-62.96
2019-06-09,6,0,64,30,-40.0,0.0,-9.86,0.0
2019-06-10,78,0,93,59,1199.8,0.0,45.31,96.66
2019-06-11,77,0,97,38,-1.28,0.0,4.3,-35.59
2019-06-12,69,0,97,46,-10.39,0.0,0.0,21.05
2019-06-13,74,0,93,39,7.25,0.0,-4.12,-15.22
2019-06-14,64,0,89,46,-13.51,0.0,-4.3,17.95
2019-06-15,9,0,72,37,-85.94,0.0,-19.1,-19.56
2019-06-16,5,0,58,67,-44.44,0.0,-19.44,81.08
2019-06-17,69,0,92,39,1279.74,0.0,58.62,-41.79
2019-06-18,68,0,94,39,-1.45,0.0,2.17,0.0
2019-06-19,78,48,92,72,14.71,4800000.0,-2.13,84.61
2019-06-20,67,0,86,40,-14.1,-100.0,-6.52,-44.44
2019-06-21,69,0,87,41,2.99,0.0,1.16,2.5
2019-06-22,8,0,70,45,-88.4,0.0,-19.54,9.76
2019-06-23,6,0,59,8,-25.0,0.0,-15.71,-82.22
2019-06-24,67,0,86,20,1016.5,0.0,45.76,149.98
2019-06-25,61,0,96,39,-8.96,0.0,11.63,95.0
2019-06-26,64,0,95,70,4.92,0.0,-1.04,79.49
2019-06-27,68,0,90,51,6.25,0.0,-5.26,-27.14
2019-06-28,78,0,93,21,14.71,0.0,3.33,-58.82
2019-06-29,9,0,69,15,-88.46,0.0,-25.81,-28.57
2019-06-30,5,0,61,15,-44.44,0.0,-11.59,0.0
2019-07-01,70,0,94,52,1299.74,0.0,54.1,246.65
2019-07-02,30,0,93,8,-57.14,0.0,-1.06,-84.61
2019-07-02,30,0,93,90,0.0,0.0,0.0,1024.87
2019-07-02,30,0,94,8,0.0,0.0,1.08,-91.11
2019-07-02,30,0,94,90,0.0,0.0,0.0,1024.87
2019-07-02,30,0,93,8,0.0,0.0,-1.06,-91.11
2019-07-02,30,0,93,90,0.0,0.0,0.0,1024.87
2019-07-02,30,0,94,8,0.0,0.0,1.08,-91.11
2019-07-02,30,0,94,90,0.0,0.0,0.0,1024.87
2019-07-02,74,0,93,8,146.66,0.0,-1.06,-91.11
2019-07-02,74,0,93,90,0.0,0.0,0.0,1024.87
2019-07-02,74,0,94,8,0.0,0.0,1.08,-91.11
2019-07-02,74,0,94,90,0.0,0.0,0.0,1024.87
2019-07-02,74,0,93,8,0.0,0.0,-1.06,-91.11
2019-07-02,74,0,93,90,0.0,0.0,0.0,1024.87
2019-07-02,74,0,94,8,0.0,0.0,1.08,-91.11
2019-07-02,74,0,94,90,0.0,0.0,0.0,1024.87
2019-07-03,31,0,95,1,-58.11,0.0,1.06,-98.89
2019-07-04,33,0,97,3,6.45,0.0,2.11,199.8
2019-07-05,30,0,90,4,-9.09,0.0,-7.22,33.32
2019-07-06,4,0,69,5,-86.66,0.0,-23.33,24.99
2019-07-07,2,0,61,1,-49.99,0.0,-11.59,-79.98
2019-07-08,27,10,89,4,1249.38,1000000.0,45.9,299.7
2019-07-09,28,0,97,3,3.7,-99.99,8.99,-24.99
2019-07-10,30,0,96,7,7.14,0.0,-1.03,133.29
2019-07-11,28,0,95,7,-6.67,0.0,-1.04,0.0
2019-07-12,31,0,93,33,10.71,0.0,-2.11,371.38
2019-07-13,4,0,73,30,-87.09,0.0,-21.51,-9.09
2019-07-14,2,0,62,9,-49.99,0.0,-15.07,-70.0
2019-07-15,29,10,100,12,1349.33,1000000.0,61.29,33.33
2019-07-16,29,0,93,8,0.0,-99.99,-7.0,-33.33
2019-07-17,31,0,95,7,6.9,0.0,2.15,-12.5
2019-07-18,29,21,93,6,-6.45,2100000.0,-2.11,-14.28
2019-07-19,30,0,89,5,3.45,-100.0,-4.3,-16.66
2019-07-20,4,0,68,9,-86.66,0.0,-23.6,79.98
2019-07-21,3,0,60,6,-24.99,0.0,-11.76,-33.33
2019-07-22,28,0,91,4,833.06,0.0,51.67,-33.33
2019-07-23,31,0,98,6,10.71,0.0,7.69,49.99
2019-07-24,33,11,91,4,6.45,1100000.0,-7.14,-33.33
2019-07-25,33,10,92,8,0.0,-9.09,1.1,99.98
2019-07-26,30,0,89,8,-9.09,-99.99,-3.26,0.0
2019-07-27,4,0,70,10,-86.66,0.0,-21.35,25.0
2019-07-28,2,0,58,6,-49.99,0.0,-17.14,-40.0
2019-07-29,32,0,94,9,1499.25,0.0,62.07,49.99
2019-07-30,33,10,98,8,3.12,1000000.0,4.26,-11.11
2019-07-31,35,0,97,16,6.06,-99.99,-1.02,99.99
2019-08-01,33,0,98,13,-5.71,0.0,1.03,-18.75
2019-08-02,32,11,93,9,-3.03,1100000.0,-5.1,-30.77
2019-08-03,5,0,72,2,-84.37,-99.99,-22.58,-77.77
2019-08-04,2,0,62,4,-59.99,0.0,-13.89,99.95
2019-08-05,31,0,95,4,1449.28,0.0,53.22,0.0
2019-08-06,38,21,97,5,22.58,2100000.0,2.11,24.99
2019-08-07,37,0,97,6,-2.63,-100.0,0.0,20.0
2019-08-08,38,0,96,11,2.7,0.0,-1.03,83.32
2019-08-09,35,11,92,6,-7.89,1100000.0,-4.17,-45.45
2019-08-10,5,0,71,8,-85.71,-99.99,-22.83,33.33
2019-08-11,2,0,62,4,-59.99,0.0,-12.68,-49.99
2019-08-12,33,0,99,6,1549.23,0.0,59.68,49.99
2019-08-13,36,20,96,7,9.09,2000000.0,-3.03,16.66
2019-08-14,35,10,92,18,-2.78,-50.0,-4.17,157.12
2019-08-15,28,0,89,50,-20.0,-99.99,-3.26,177.77
2019-08-16,33,0,92,33,17.86,0.0,3.37,-34.0
2019-08-17,5,0,70,19,-84.85,0.0,-23.91,-42.42
2019-08-18,3,0,60,13,-39.99,0.0,-14.29,-31.58
2019-08-19,36,10,90,20,1099.63,1000000.0,50.0,53.84
2019-08-20,33,10,95,18,-8.33,0.0,5.56,-10.0
2019-08-21,33,0,99,19,0.0,-99.99,4.21,5.56
2019-08-22,36,0,94,10,9.09,0.0,-5.05,-47.37
2019-08-23,33,10,90,14,-8.33,1000000.0,-4.26,40.0
2019-08-24,5,0,72,8,-84.85,-99.99,-20.0,-42.85
2019-08-25,3,0,63,10,-39.99,0.0,-12.5,25.0
2019-08-26,36,10,88,11,1099.63,1000000.0,39.68,10.0
2019-08-27,37,20,94,9,2.78,99.99,6.82,-18.18
2019-08-28,35,0,92,8,-5.41,-100.0,-2.13,-11.11
2019-08-29,36,10,94,6,2.86,1000000.0,2.17,-25.0
2019-08-30,32,0,87,6,-11.11,-99.99,-7.45,0.0
2019-08-31,4,0,71,5,-87.5,0.0,-18.39,-16.66
2019-09-01,2,0,64,7,-49.99,0.0,-9.86,39.99
2019-09-02,31,0,95,10,1449.28,0.0,48.44,42.85
2019-09-03,29,0,97,7,-6.45,0.0,2.11,-30.0
2019-09-04,31,0,95,6,6.9,0.0,-2.06,-14.28
2019-09-05,34,0,92,8,9.68,0.0,-3.16,33.33
2019-09-06,36,10,89,4,5.88,1000000.0,-3.26,-49.99
2019-09-07,4,0,68,4,-88.89,-99.99,-23.6,0.0
2019-09-08,3,0,60,7,-24.99,0.0,-11.76,74.98
2019-09-09,31,0,95,13,933.02,0.0,58.33,85.7
2019-09-10,36,0,94,8,16.13,0.0,-1.05,-38.46
2019-09-11,35,0,95,8,-2.78,0.0,1.06,0.0
2019-09-12,39,0,95,10,11.43,0.0,0.0,25.0
2019-09-13,34,0,91,3,-12.82,0.0,-4.21,-69.99
2019-09-14,4,0,70,3,-88.23,0.0,-23.08,0.0
2019-09-15,3,0,62,3,-24.99,0.0,-11.43,0.0
2019-09-16,31,9,82,6,933.02,900000.0,32.26,99.97
2019-09-17,30,0,95,3,-3.23,-99.99,15.85,-49.99
2019-09-18,30,9,91,6,0.0,900000.0,-4.21,99.97
2019-09-19,32,10,93,4,6.67,11.11,2.2,-33.33
2019-09-20,34,0,91,5,6.25,-99.99,-2.15,24.99
2019-09-21,4,0,70,3,-88.23,0.0,-23.08,-39.99
2019-09-22,2,0,60,3,-49.99,0.0,-14.29,0.0
2019-09-23,29,0,92,7,1349.33,0.0,53.33,133.29
2019-09-24,29,0,94,6,0.0,0.0,2.17,-14.28
2019-09-25,30,0,96,9,3.45,0.0,2.13,49.99
2019-09-26,28,10,93,4,-6.67,1000000.0,-3.12,-55.55
2019-09-27,29,0,91,6,3.57,-99.99,-2.15,49.99
2019-09-28,4,0,72,7,-86.2,0.0,-20.88,16.66
2019-09-29,3,0,62,4,-24.99,0.0,-13.89,-42.85
2019-09-30,29,0,95,4,866.38,0.0,53.22,0.0
2019-10-01,29,0,96,11,0.0,0.0,1.05,174.96
2019-10-02,31,0,96,8,6.9,0.0,0.0,-27.27
2019-10-03,32,10,91,8,3.23,1000000.0,-5.21,0.0
2019-10-04,29,0,93,4,-9.37,-99.99,2.2,-49.99
2019-10-05,3,0,71,8,-89.65,0.0,-23.66,99.98
2019-10-06,3,0,61,5,0.0,0.0,-14.08,-37.5
2019-10-07,29,0,97,6,866.38,0.0,59.02,20.0
2019-10-08,31,0,97,20,6.9,0.0,0.0,233.29
2019-10-09,31,0,95,12,0.0,0.0,-2.06,-40.0
2019-10-10,31,9,90,6,0.0,900000.0,-5.26,-50.0
2019-10-11,34,19,88,8,9.68,111.1,-2.22,33.33
2019-10-12,4,0,65,5,-88.23,-99.99,-26.14,-37.5
2019-10-13,2,0,58,7,-49.99,0.0,-10.77,39.99
2019-10-14,32,0,89,6,1499.25,0.0,53.45,-14.28
2019-10-15,37,0,99,11,15.62,0.0,11.24,83.32
2019-10-16,34,0,98,7,-8.11,0.0,-1.01,-36.36
2019-10-17,39,0,93,5,14.71,0.0,-5.1,-28.57
2019-10-18,37,10,88,7,-5.13,1000000.0,-5.38,39.99
2019-10-19,4,0,68,3,-89.19,-99.99,-22.73,-57.13
2019-10-20,2,0,60,5,-49.99,0.0,-11.76,66.64
2019-10-21,34,0,89,9,1599.2,0.0,48.33,79.98
2019-10-22,30,9,89,25,-11.76,900000.0,0.0,177.76
2019-10-23,30,0,88,13,0.0,-99.99,-1.12,-48.0
2019-10-24,33,0,87,8,10.0,0.0,-1.14,-38.46
2019-10-25,31,0,86,7,-6.06,0.0,-1.15,-12.5
2019-10-26,3,0,67,3,-90.32,0.0,-22.09,-57.13
2019-10-27,3,11,59,3,0.0,1100000.0,-11.94,0.0
2019-10-28,29,0,87,10,866.38,-99.99,47.46,233.26
2019-10-29,30,9,93,9,3.45,900000.0,6.9,-10.0
2019-10-30,29,0,94,9,-3.33,-99.99,1.08,0.0
2019-10-31,30,0,87,14,3.45,0.0,-7.45,55.55
2019-11-01,21,0,80,6,-30.0,0.0,-8.05,-57.14
2019-11-02,5,0,65,7,-76.19,0.0,-18.75,16.66
2019-11-03,2,0,61,5,-59.99,0.0,-6.15,-28.57
2019-11-04,34,0,91,9,1599.2,0.0,49.18,79.98
2019-11-05,31,0,95,9,-8.82,0.0,4.4,0.0
2019-11-06,35,0,96,11,12.9,0.0,1.05,22.22
2019-11-07,30,0,90,11,-14.29,0.0,-6.25,0.0
2019-11-08,31,10,89,8,3.33,1000000.0,-1.11,-27.27
2019-11-09,4,0,73,7,-87.09,-99.99,-17.98,-12.5
2019-11-10,2,0,61,4,-49.99,0.0,-16.44,-42.85
2019-11-11,30,0,92,9,1399.3,0.0,50.82,124.97
2019-11-12,40,18,95,7,33.33,1800000.0,3.26,-22.22
2019-11-13,41,0,97,13,2.5,-99.99,2.11,85.7
2019-11-14,36,0,94,29,-12.19,0.0,-3.09,123.07
2019-11-15,31,0,86,11,-13.89,0.0,-8.51,-62.07
2019-11-16,3,0,74,7,-90.32,0.0,-13.95,-36.36
2019-11-17,3,0,63,2,0.0,0.0,-14.86,-71.42
2019-11-18,30,0,88,6,899.7,0.0,39.68,199.9
2019-11-19,28,9,93,9,-6.67,900000.0,5.68,49.99
2019-11-20,29,0,94,6,3.57,-99.99,1.08,-33.33
2019-11-21,28,0,93,5,-3.45,0.0,-1.06,-16.66
2019-11-22,31,0,91,4,10.71,0.0,-2.15,-20.0
2019-11-23,3,0,66,4,-90.32,0.0,-27.47,0.0
2019-11-24,3,0,61,3,0.0,0.0,-7.58,-24.99
2019-11-25,28,19,94,29,833.06,1900000.0,54.1,866.38
2019-11-26,31,0,96,29,10.71,-99.99,2.13,0.0
2019-11-27,26,9,90,18,-16.13,900000.0,-6.25,-37.93
2019-11-28,29,0,93,9,11.54,-99.99,3.33,-50.0
2019-11-29,28,0,89,6,-3.45,0.0,-4.3,-33.33
2019-11-30,3,0,72,5,-89.28,0.0,-19.1,-16.66
2019-12-01,2,0,61,3,-33.32,0.0,-15.28,-39.99
2019-12-02,28,9,90,7,1299.35,900000.0,47.54,133.29
2019-12-03,29,19,92,6,3.57,111.1,2.22,-14.28
2019-12-04,30,0,93,6,3.45,-99.99,1.09,0.0
2019-12-05,28,0,92,8,-6.67,0.0,-1.08,33.33
2019-12-06,20,0,81,5,-28.57,0.0,-11.96,-37.5
2019-12-07,4,0,66,1,-80.0,0.0,-18.52,-79.98
2019-12-08,3,0,53,3,-24.99,0.0,-19.7,199.8
2019-12-09,28,9,82,4,833.06,900000.0,54.72,33.32
2019-12-10,27,19,87,6,-3.57,111.1,6.1,49.99
2019-12-11,29,9,87,4,7.41,-52.63,0.0,-33.33
2019-12-12,33,9,84,5,13.79,0.0,-3.45,24.99
2019-12-13,41,0,85,2,24.24,-99.99,1.19,-59.99
2019-12-14,5,0,69,2,-87.8,0.0,-18.82,0.0
2019-12-15,3,0,56,3,-39.99,0.0,-18.84,49.98
2019-12-16,34,9,86,5,1032.99,900000.0,53.57,66.64
2019-12-17,31,0,93,5,-8.82,-99.99,8.14,0.0
2019-12-18,36,9,87,1,16.13,900000.0,-6.45,-79.98
2019-12-19,33,10,89,4,-8.33,11.11,2.3,299.7
2019-12-20,34,0,87,2,3.03,-99.99,-2.25,-49.99
2019-12-21,5,0,66,3,-85.29,0.0,-24.14,49.98
2019-12-22,3,0,55,2,-39.99,0.0,-16.67,-33.32
2019-12-23,30,0,85,3,899.7,0.0,54.54,49.98
2019-12-24,22,0,64,1,-26.67,0.0,-24.71,-66.64
2019-12-25,6,0,41,1,-72.72,0.0,-35.94,0.0
2019-12-26,21,0,83,3,249.96,0.0,102.44,199.8
2019-12-27,30,0,87,2,42.86,0.0,4.82,-33.32
2019-12-28,5,0,71,1,-83.33,0.0,-18.39,-49.98
2019-12-29,3,0,58,3,-39.99,0.0,-18.31,199.8
2019-12-30,28,10,81,2,833.06,1000000.0,39.65,-33.32
2019-12-31,23,0,62,3,-17.86,-99.99,-23.46,49.98
2020-01-01,5,0,40,0,-78.26,0.0,-35.48,-99.97
2020-01-02,35,0,88,3,599.88,0.0,120.0,300000.0
2020-01-03,32,0,88,2,-8.57,0.0,0.0,-33.32
2020-01-04,4,0,70,4,-87.5,0.0,-20.45,99.95
2020-01-05,2,0,59,4,-49.99,0.0,-15.71,0.0
2020-01-06,15,9,80,3,649.68,900000.0,35.59,-24.99
2020-01-07,37,0,94,2,146.66,-99.99,17.5,-33.32
2020-01-08,34,0,94,4,-8.11,0.0,0.0,99.95
2020-01-09,31,0,95,2,-8.82,0.0,1.06,-49.99
2020-01-10,31,0,90,4,0.0,0.0,-5.26,99.95
2020-01-11,4,0,69,2,-87.09,0.0,-23.33,-49.99
2020-01-12,2,0,61,2,-49.99,0.0,-11.59,0.0
2020-01-13,25,0,93,3,1149.43,0.0,52.46,49.98
2020-01-14,29,0,100,1,16.0,0.0,7.53,-66.64
2020-01-15,26,9,96,4,-10.34,900000.0,-4.0,299.7
2020-01-16,29,9,93,3,11.54,0.0,-3.12,-24.99
2020-01-17,30,9,90,2,3.45,0.0,-3.23,-33.32
2020-01-18,4,0,69,3,-86.66,-99.99,-23.33,49.98
2020-01-19,2,0,59,1,-49.99,0.0,-14.49,-66.64
2020-01-20,28,0,89,3,1299.35,0.0,50.85,199.8
2020-01-21,29,0,97,3,3.57,0.0,8.99,0.0
2020-01-22,26,0,94,3,-10.34,0.0,-3.09,0.0
2020-01-23,29,0,93,2,11.54,0.0,-1.06,-33.32
2020-01-24,31,9,89,3,6.9,900000.0,-4.3,49.98
2020-01-25,3,0,71,1,-90.32,-99.99,-20.22,-66.64
2020-01-26,2,0,57,1,-33.32,0.0,-19.72,0.0
2020-01-27,28,9,92,3,1299.35,900000.0,61.4,199.8
2020-01-28,33,0,89,3,17.86,-99.99,-3.26,0.0
2020-01-29,33,9,89,4,0.0,900000.0,0.0,33.32
2020-01-30,34,0,94,6,3.03,-99.99,5.62,49.99
2020-01-31,31,0,89,7,-8.82,0.0,-5.32,16.66
2020-02-01,4,0,70,6,-87.09,0.0,-21.35,-14.28
2020-02-02,2,0,58,2,-49.99,0.0,-17.14,-66.66
2020-02-03,31,0,86,5,1449.28,0.0,48.28,149.93
2020-02-04,30,9,93,2,-3.23,900000.0,8.14,-59.99
2020-02-05,34,0,97,7,13.33,-99.99,4.3,249.88
2020-02-06,38,9,95,4,11.76,900000.0,-2.06,-42.85
2020-02-07,38,0,89,5,0.0,-99.99,-6.32,24.99
2020-02-08,5,0,72,2,-86.84,0.0,-19.1,-59.99
2020-02-09,2,0,60,3,-59.99,0.0,-16.67,49.98
2020-02-10,35,9,90,3,1649.18,900000.0,50.0,0.0
2020-02-11,36,0,98,5,2.86,-99.99,8.89,66.64
2020-02-12,36,0,93,6,0.0,0.0,-5.1,20.0
2020-02-13,38,0,92,5,5.56,0.0,-1.08,-16.66
2020-02-14,36,0,90,4,-5.26,0.0,-2.17,-20.0
2020-02-15,4,0,70,2,-88.89,0.0,-22.22,-49.99
2020-02-16,3,10,59,4,-24.99,1000000.0,-15.71,99.95
2020-02-17,37,0,93,1,1132.96,-99.99,57.63,-74.98
2020-02-18,37,0,98,6,0.0,0.0,5.38,499.5
2020-02-19,36,9,98,5,-2.7,900000.0,0.0,-16.66
2020-02-20,35,0,89,3,-2.78,-99.99,-9.18,-39.99
2020-02-21,35,18,87,3,0.0,1800000.0,-2.25,0.0
2020-02-22,4,0,66,4,-88.57,-99.99,-24.14,33.32
2020-02-23,2,0,56,4,-49.99,0.0,-15.15,0.0
2020-02-24,43,9,74,4,2048.98,900000.0,32.14,0.0
2020-02-25,41,9,74,7,-4.65,0.0,0.0,74.98
2020-02-26,47,9,85,9,14.63,0.0,14.86,28.57
2020-02-27,46,9,91,4,-2.13,0.0,7.06,-55.55
2020-02-28,51,18,88,9,10.87,99.99,-3.3,124.97
2020-02-29,8,0,67,4,-84.31,-99.99,-23.86,-55.55
2020-03-01,4,0,64,4,-49.99,0.0,-4.48,0.0
2020-03-02,54,26,92,7,1249.69,2600000.0,43.75,74.98
2020-03-03,52,0,92,9,-3.7,-100.0,0.0,28.57
2020-03-04,50,17,89,7,-3.85,1700000.0,-3.26,-22.22
2020-03-05,52,26,91,3,4.0,52.94,2.25,-57.13
2020-03-06,52,27,88,4,0.0,3.85,-3.3,33.32
2020-03-07,6,0,65,5,-88.46,-100.0,-26.14,24.99
2020-03-08,5,0,55,6,-16.66,0.0,-15.38,20.0
2020-03-09,80,26,85,10,1499.7,2600000.0,54.54,66.66
2020-03-10,79,42,88,13,-1.25,61.54,3.53,30.0
2020-03-11,72,84,84,10,-8.86,100.0,-4.55,-23.08
2020-03-12,96,100,81,25,33.33,19.05,-3.57,149.99
2020-03-13,100,9,79,24,4.17,-91.0,-2.47,-4.0
2020-03-14,14,0,65,16,-86.0,-99.99,-17.72,-33.33
2020-03-15,10,10,55,16,-28.57,1000000.0,-15.38,0.0
2020-03-16,87,68,75,36,769.92,579.94,36.36,124.99
2020-03-17,87,34,78,97,0.0,-50.0,4.0,169.44
2020-03-18,80,77,80,68,-8.05,126.47,2.56,-29.9
2020-03-19,69,68,77,70,-13.75,-11.69,-3.75,2.94
2020-03-20,71,34,78,81,2.9,-50.0,1.3,15.71
2020-03-21,10,10,65,100,-85.91,-70.59,-16.67,23.46
2020-03-22,6,0,57,73,-40.0,-99.99,-12.31,-27.0
2020-03-23,89,62,57,74,1383.1,6200000.0,0.0,1.37
2020-03-23,89,62,57,66,0.0,0.0,0.0,-10.81
2020-03-23,89,62,79,74,0.0,0.0,38.6,12.12
2020-03-23,89,62,79,66,0.0,0.0,0.0,-10.81
2020-03-23,89,47,57,74,0.0,-24.19,-27.85,12.12
2020-03-23,89,47,57,66,0.0,0.0,0.0,-10.81
2020-03-23,89,47,79,74,0.0,0.0,38.6,12.12
2020-03-23,89,47,79,66,0.0,0.0,0.0,-10.81
2020-03-23,63,62,57,74,-29.21,31.91,-27.85,12.12
2020-03-23,63,62,57,66,0.0,0.0,0.0,-10.81
2020-03-23,63,62,79,74,0.0,0.0,38.6,12.12
2020-03-23,63,62,79,66,0.0,0.0,0.0,-10.81
2020-03-23,63,47,57,74,0.0,-24.19,-27.85,12.12
2020-03-23,63,47,57,66,0.0,0.0,0.0,-10.81
2020-03-23,63,47,79,74,0.0,0.0,38.6,12.12
2020-03-23,63,47,79,66,0.0,0.0,0.0,-10.81
2020-03-24,97,100,60,67,53.97,112.76,-24.05,1.52
2020-03-25,100,45,59,43,3.09,-55.0,-1.67,-35.82
2020-03-26,99,45,61,45,-1.0,0.0,3.39,4.65
2020-03-27,90,75,65,79,-9.09,66.67,6.56,75.55
2020-03-28,13,12,49,100,-85.55,-84.0,-24.62,26.58
2020-03-29,8,0,44,44,-38.46,-99.99,-10.2,-56.0
2020-03-30,84,43,72,40,949.88,4300000.0,63.63,-9.09
2020-03-31,84,43,72,48,0.0,0.0,0.0,20.0
2020-04-01,77,32,74,37,-8.33,-25.58,2.78,-22.92
2020-04-02,81,43,69,35,5.19,34.37,-6.76,-5.41
2020-04-03,79,66,61,25,-2.47,53.49,-11.59,-28.57
2020-04-04,11,0,50,33,-86.07,-100.0,-18.03,32.0
2020-04-05,7,0,42,20,-36.36,0.0,-16.0,-39.39
2020-04-06,80,76,68,30,1042.71,7600000.0,61.9,50.0
2020-04-07,85,33,69,19,6.25,-56.58,1.47,-36.67
2020-04-08,89,56,65,20,4.71,69.69,-5.8,5.26
2020-04-09,75,23,57,26,-15.73,-58.93,-12.31,30.0
2020-04-10,27,0,50,26,-64.0,-100.0,-12.28,0.0
2020-04-11,10,0,49,18,-62.96,0.0,-2.0,-30.77
2020-04-12,6,0,41,19,-40.0,0.0,-16.33,5.56
2020-04-13,39,22,67,24,549.91,2200000.0,63.41,26.31
2020-04-14,80,43,70,19,105.13,95.45,4.48,-20.83
2020-04-15,73,54,71,22,-8.75,25.58,1.43,15.79
2020-04-16,84,33,66,25,15.07,-38.89,-7.04,13.64
2020-04-17,76,11,61,19,-9.52,-66.66,-7.58,-24.0
2020-04-18,10,0,50,19,-86.84,-99.99,-18.03,0.0
2020-04-19,7,0,44,13,-30.0,0.0,-12.0,-31.58
2020-04-20,72,21,66,23,928.44,2100000.0,50.0,76.92
2020-04-21,72,22,68,24,0.0,4.76,3.03,4.35
2020-04-22,75,22,69,29,4.17,0.0,1.47,20.83
2020-04-23,72,32,68,20,-4.0,45.45,-1.45,-31.03
2020-04-24,73,22,62,17,1.39,-31.25,-8.82,-15.0
2020-04-25,10,12,53,14,-86.3,-45.45,-14.52,-17.65
2020-04-26,6,0,45,11,-40.0,-99.99,-15.09,-21.43
2020-04-27,71,11,68,16,1083.15,1100000.0,51.11,45.45
2020-04-28,69,21,70,18,-2.82,90.9,2.94,12.5
2020-04-29,74,11,66,11,7.25,-47.62,-5.71,-38.89
2020-04-30,81,10,66,21,9.46,-9.09,0.0,90.9
2020-05-01,20,0,53,15,-75.31,-99.99,-19.7,-28.57
2020-05-02,9,24,50,8,-55.0,2400000.0,-5.66,-46.66
2020-05-03,6,0,47,13,-33.33,-100.0,-6.0,62.49
2020-05-04,69,11,100,15,1049.83,1100000.0,112.76,15.38
2020-05-05,67,40,92,13,-2.9,263.61,-8.0,-13.33
2020-05-06,70,32,81,9,4.48,-20.0,-11.96,-30.77
2020-05-07,67,11,77,16,-4.29,-65.62,-4.94,77.77
2020-05-08,65,22,67,12,-2.99,99.99,-12.99,-25.0
2020-05-09,8,13,55,14,-87.69,-40.91,-17.91,16.67
2020-05-10,6,0,42,7,-25.0,-99.99,-23.64,-50.0
2020-05-11,62,11,70,8,933.18,1100000.0,66.67,14.28
2020-05-12,60,43,76,13,-3.23,290.88,8.57,62.49
2020-05-13,61,22,80,11,1.67,-48.84,5.26,-15.38
2020-05-14,64,32,78,11,4.92,45.45,-2.5,0.0
2020-05-15,65,11,72,15,1.56,-65.62,-7.69,36.36
2020-05-16,8,0,58,15,-87.69,-99.99,-19.44,0.0
2020-05-17,5,0,51,10,-37.5,0.0,-12.07,-33.33
2020-05-18,67,11,74,21,1239.75,1100000.0,45.1,109.99
2020-05-19,73,32,73,17,8.96,190.89,-1.35,-19.05
2020-05-20,74,33,73,12,1.37,3.12,0.0,-29.41
2020-05-21,73,23,70,14,-1.35,-30.3,-4.11,16.67
2020-05-22,67,11,68,16,-8.22,-52.17,-2.86,14.28
2020-05-23,7,0,53,11,-89.55,-99.99,-22.06,-31.25
2020-05-24,7,13,52,8,0.0,1300000.0,-1.89,-27.27
2020-05-25,70,23,69,16,899.87,76.92,32.69,99.99
2020-05-26,73,33,73,13,4.29,43.48,5.8,-18.75
2020-05-27,77,33,71,10,5.48,0.0,-2.74,-23.08
2020-05-28,79,22,70,13,2.6,-33.33,-1.41,30.0
2020-05-29,74,23,71,11,-6.33,4.55,1.43,-15.38
2020-05-30,7,13,56,8,-90.54,-43.48,-21.13,-27.27
2020-05-31,6,0,51,5,-14.28,-99.99,-8.93,-37.5
2020-06-01,70,33,68,5,1066.49,3300000.0,33.33,0.0
2020-06-02,75,11,67,12,7.14,-66.66,-1.47,139.97
2020-06-03,83,10,80,14,10.67,-9.09,19.4,16.67
2020-06-04,84,31,76,9,1.2,209.98,-5.0,-35.71
2020-06-05,87,32,69,8,3.57,3.23,-9.21,-11.11
2020-06-06,10,0,53,9,-88.5,-100.0,-23.19,12.5
2020-06-07,7,0,49,6,-30.0,0.0,-7.55,-33.33
2020-06-08,89,10,78,11,1171.26,1000000.0,59.18,83.32
2020-06-09,80,42,73,20,-10.11,319.97,-6.41,81.81
2020-06-10,79,0,66,13,-1.25,-100.0,-9.59,-35.0
2020-06-11,78,11,63,10,-1.27,1100000.0,-4.55,-23.08
2020-06-12,80,0,64,10,2.56,-99.99,1.59,0.0
2020-06-13,8,0,52,7,-90.0,0.0,-18.75,-30.0
2020-06-14,6,0,47,3,-25.0,0.0,-9.62,-57.13
2020-06-15,72,33,66,7,1099.82,3300000.0,40.42,133.29
2020-06-16,81,11,72,6,12.5,-66.66,9.09,-14.28
2020-06-17,75,0,71,4,-7.41,-99.99,-1.39,-33.33
2020-06-18,73,11,68,11,-2.67,1100000.0,-4.23,174.96
2020-06-19,71,12,64,5,-2.74,9.09,-5.88,-54.54
2020-06-20,8,0,52,4,-88.73,-99.99,-18.75,-20.0
2020-06-21,4,0,43,7,-49.99,0.0,-17.31,74.98
2020-06-22,68,11,65,8,1599.6,1100000.0,51.16,14.28
2020-06-23,69,11,66,8,1.47,0.0,1.54,0.0
2020-06-24,65,35,65,7,-5.8,218.16,-1.52,-12.5
2020-06-25,70,46,72,11,7.69,31.43,10.77,57.13
2020-06-26,69,24,67,6,-1.43,-47.83,-6.94,-45.45
2020-06-27,8,13,53,9,-88.4,-45.83,-20.9,49.99
2020-06-28,4,0,46,6,-49.99,-99.99,-13.21,-33.33
2020-06-29,68,11,62,3,1599.6,1100000.0,34.78,-49.99
2020-06-30,65,46,70,7,-4.41,318.15,12.9,133.29
2020-07-01,63,0,73,5,-3.08,-100.0,4.29,-28.57
2020-07-02,71,34,72,5,12.7,3400000.0,-1.37,0.0
2020-07-03,67,12,67,4,-5.63,-64.7,-6.94,-20.0
2020-07-04,7,0,54,7,-89.55,-99.99,-19.4,74.98
2020-07-05,5,0,49,6,-28.57,0.0,-9.26,-14.28
2020-07-06,70,0,78,8,1299.74,0.0,59.18,33.33
2020-07-07,61,11,73,4,-12.86,1100000.0,-6.41,-49.99
2020-07-08,55,12,71,9,-9.84,9.09,-2.74,124.97
2020-07-09,59,12,70,7,7.27,0.0,-1.41,-22.22
2020-07-10,61,24,66,7,3.39,99.99,-5.71,0.0
2020-07-11,7,0,51,3,-88.52,-100.0,-22.73,-57.13
2020-07-12,4,0,46,4,-42.85,0.0,-9.8,33.32
2020-07-13,59,0,71,4,1374.66,0.0,54.35,0.0
2020-07-14,57,12,73,2,-3.39,1200000.0,2.82,-49.99
2020-07-15,55,23,70,2,-3.51,91.66,-4.11,0.0
2020-07-16,54,0,67,3,-1.82,-100.0,-4.29,49.98
2020-07-17,52,12,66,8,-3.7,1200000.0,-1.49,166.61
2020-07-18,6,14,51,2,-88.46,16.67,-22.73,-74.99
2020-07-19,4,0,45,4,-33.33,-99.99,-11.76,99.95
2020-07-20,56,12,67,2,1299.68,1200000.0,48.89,-49.99
2020-07-21,64,24,67,2,14.29,99.99,0.0,0.0
2020-07-22,54,0,68,7,-15.62,-100.0,1.49,249.88
2020-07-23,55,0,67,4,1.85,0.0,-1.47,-42.85
2020-07-24,48,0,65,6,-12.73,0.0,-2.99,49.99
2020-07-25,4,0,52,6,-91.66,0.0,-20.0,0.0
2020-07-26,5,0,45,6,24.99,0.0,-13.46,0.0
2020-07-27,47,0,68,4,839.83,0.0,51.11,-33.33
2020-07-28,54,12,72,4,14.89,1200000.0,5.88,0.0
2020-07-29,51,0,67,2,-5.56,-99.99,-6.94,-49.99
2020-07-30,59,0,69,6,15.69,0.0,2.99,199.9
2020-07-31,58,13,72,29,-1.69,1300000.0,4.35,383.27
2020-08-01,8,0,55,14,-86.21,-99.99,-23.61,-51.72
2020-08-02,4,0,52,8,-49.99,0.0,-5.45,-42.85
2020-08-03,56,12,76,6,1299.68,1200000.0,46.15,-25.0
2020-08-04,56,0,74,4,0.0,-99.99,-2.63,-33.33
2020-08-05,56,0,71,9,0.0,0.0,-4.05,124.97
2020-08-06,51,12,71,7,-8.93,1200000.0,0.0,-22.22
2020-08-07,49,12,64,9,-3.92,0.0,-9.86,28.57
2020-08-08,6,0,62,3,-87.75,-99.99,-3.12,-66.66
2020-08-09,4,0,54,3,-33.33,0.0,-12.9,0.0
2020-08-10,50,0,71,2,1149.71,0.0,31.48,-33.32
2020-08-11,56,12,68,5,12.0,1200000.0,-4.23,149.93
2020-08-12,55,46,66,12,-1.79,283.31,-2.94,139.97
2020-08-13,51,35,66,7,-7.27,-23.91,0.0,-41.66
2020-08-14,47,0,60,5,-7.84,-100.0,-9.09,-28.57
2020-08-15,7,0,51,5,-85.1,0.0,-15.0,0.0
2020-08-16,4,0,44,9,-42.85,0.0,-13.73,79.98
2020-08-17,48,0,61,7,1099.73,0.0,38.64,-22.22
2020-08-18,47,23,64,5,-2.08,2300000.0,4.92,-28.57
2020-08-19,48,35,66,7,2.13,52.17,3.12,39.99
2020-08-20,47,23,64,5,-2.08,-34.28,-3.03,-28.57
2020-08-21,46,0,61,6,-2.13,-100.0,-4.69,20.0
2020-08-22,7,0,52,6,-84.78,0.0,-14.75,0.0
2020-08-23,4,0,44,4,-42.85,0.0,-15.38,-33.33
2020-08-24,49,23,62,5,1124.72,2300000.0,40.91,24.99
2020-08-25,48,0,66,12,-2.04,-100.0,6.45,139.97
2020-08-26,45,23,62,14,-6.25,2300000.0,-6.06,16.67
2020-08-27,48,0,63,11,6.67,-100.0,1.61,-21.43
2020-08-28,48,0,61,7,0.0,0.0,-3.17,-36.36
2020-08-29,6,0,52,9,-87.5,0.0,-14.75,28.57
2020-08-30,3,0,46,6,-49.99,0.0,-11.54,-33.33
2020-08-31,49,22,66,7,1532.82,2200000.0,43.48,16.66
2020-09-01,49,0,71,7,0.0,-100.0,7.58,0.0
2020-09-02,49,23,69,6,0.0,2300000.0,-2.82,-14.28
2020-09-03,48,0,69,8,-2.04,-100.0,0.0,33.33
2020-09-04,63,0,64,8,31.25,0.0,-7.25,0.0
2020-09-05,7,0,51,8,-88.89,0.0,-20.31,0.0
2020-09-06,4,0,44,3,-42.85,0.0,-13.73,-62.49
2020-09-07,55,0,64,8,1274.68,0.0,45.45,166.61
2020-09-08,50,11,69,9,-9.09,1100000.0,7.81,12.5
2020-09-09,52,45,69,11,4.0,309.06,0.0,22.22
2020-09-10,47,0,64,9,-9.62,-100.0,-7.25,-18.18
2020-09-11,45,12,61,5,-4.26,1200000.0,-4.69,-44.44
2020-09-12,5,0,48,2,-88.89,-99.99,-21.31,-59.99
2020-09-13,3,0,42,3,-39.99,0.0,-12.5,49.98
2020-09-14,48,11,62,8,1499.5,1100000.0,47.62,166.61
2020-09-15,48,0,65,7,0.0,-99.99,4.84,-12.5
2020-09-16,50,0,61,5,4.17,0.0,-6.15,-28.57
2020-09-17,47,11,63,10,-6.0,1100000.0,3.28,99.98
2020-09-18,51,11,58,8,8.51,0.0,-7.94,-20.0
2020-09-19,5,0,49,5,-90.19,-99.99,-15.52,-37.5
2020-09-20,4,0,42,5,-20.0,0.0,-14.29,0.0
2020-09-21,55,22,62,3,1274.68,2200000.0,47.62,-39.99
2020-09-22,51,21,64,7,-7.27,-4.55,3.23,133.29
2020-09-23,49,22,64,8,-3.92,4.76,0.0,14.28
2020-09-24,47,11,62,11,-4.08,-50.0,-3.12,37.5
2020-09-25,56,0,62,4,19.15,-99.99,0.0,-63.63
2020-09-26,6,0,50,4,-89.28,0.0,-19.35,0.0
2020-09-27,4,0,42,7,-33.33,0.0,-16.0,74.98
2020-09-28,48,0,64,6,1099.73,0.0,52.38,-14.28
2020-09-29,49,0,65,5,2.08,0.0,1.56,-16.66
2020-09-30,48,23,69,2,-2.04,2300000.0,6.15,-59.99
2020-10-01,49,0,62,9,2.08,-100.0,-10.14,349.83
2020-10-02,52,0,63,6,6.12,0.0,1.61,-33.33
2020-10-03,6,0,49,8,-88.46,0.0,-22.22,33.33
2020-10-04,4,0,43,4,-33.33,0.0,-12.24,-49.99
2020-10-05,49,11,63,8,1124.72,1100000.0,46.51,99.98
2020-10-06,52,11,66,6,6.12,0.0,4.76,-25.0
2020-10-07,49,0,65,8,-5.77,-99.99,-1.52,33.33
2020-10-08,52,0,66,5,6.12,0.0,1.54,-37.5
2020-10-09,55,0,62,6,5.77,0.0,-6.06,20.0
2020-10-10,6,0,48,8,-89.09,0.0,-22.58,33.33
2020-10-11,5,0,42,5,-16.66,0.0,-12.5,-37.5
2020-10-12,28,0,54,4,459.91,0.0,28.57,-20.0
2020-10-13,48,0,63,6,71.43,0.0,16.67,49.99
2020-10-14,50,12,65,8,4.17,1200000.0,3.17,33.33
2020-10-15,50,24,67,17,0.0,99.99,3.08,112.49
2020-10-16,52,0,62,6,4.0,-100.0,-7.46,-64.7
2020-10-17,6,0,49,5,-88.46,0.0,-20.97,-16.66
2020-10-18,3,0,40,4,-49.99,0.0,-18.37,-20.0
2020-10-19,50,0,62,6,1566.14,0.0,55.0,49.99
2020-10-20,49,12,65,11,-2.0,1200000.0,4.84,83.32
2020-10-21,47,24,64,11,-4.08,99.99,-1.54,0.0
2020-10-22,49,0,63,10,4.26,-100.0,-1.56,-9.09
2020-10-23,49,0,60,5,0.0,0.0,-4.76,-50.0
2020-10-24,5,0,48,4,-89.79,0.0,-20.0,-20.0
2020-10-25,4,0,40,2,-20.0,0.0,-16.67,-49.99
2020-10-26,49,0,61,3,1124.72,0.0,52.5,49.98
2020-10-27,50,0,64,6,2.04,0.0,4.92,99.97
2020-10-28,52,0,65,10,4.0,0.0,1.56,66.66
2020-10-29,52,0,62,11,0.0,0.0,-4.62,10.0
2020-10-30,53,0,62,7,1.92,0.0,0.0,-36.36
2020-10-31,7,13,49,7,-86.79,1300000.0,-20.97,0.0
2020-11-01,4,0,39,3,-42.85,-99.99,-20.41,-57.13
2020-11-02,48,0,53,3,1099.73,0.0,35.9,0.0
2020-11-03,56,12,63,6,16.67,1200000.0,18.87,99.97
2020-11-04,56,21,56,5,0.0,74.99,-11.11,-16.66
2020-11-05,50,11,58,6,-10.71,-47.62,3.57,20.0
2020-11-06,49,0,57,7,-2.0,-99.99,-1.72,16.66
2020-11-07,6,0,47,5,-87.75,0.0,-17.54,-28.57
2020-11-08,4,0,42,3,-33.33,0.0,-10.64,-39.99
2020-11-09,93,35,64,4,2224.44,3500000.0,52.38,33.32
2020-11-10,93,12,67,6,0.0,-65.71,4.69,49.99
2020-11-11,81,23,65,5,-12.9,91.66,-2.99,-16.66
2020-11-12,72,12,65,4,-11.11,-47.82,0.0,-20.0
2020-11-13,70,0,64,5,-2.78,-99.99,-1.54,24.99
2020-11-14,9,0,51,3,-87.14,0.0,-20.31,-39.99
2020-11-15,6,0,41,3,-33.33,0.0,-19.61,0.0
2020-11-16,89,0,60,6,1383.1,0.0,46.34,99.97
2020-11-17,76,23,65,18,-14.61,2300000.0,8.33,199.97
2020-11-18,72,12,66,14,-5.26,-47.82,1.54,-22.22
2020-11-19,71,0,65,11,-1.39,-99.99,-1.52,-21.43
2020-11-20,63,12,65,8,-11.27,1200000.0,0.0,-27.27
2020-11-21,7,0,52,6,-88.89,-99.99,-20.0,-25.0
2020-11-22,5,0,45,3,-28.57,0.0,-13.46,-49.99
2020-11-23,65,24,63,2,1199.76,2400000.0,40.0,-33.32
2020-11-24,69,0,69,10,6.15,-100.0,9.52,399.8
2020-11-25,69,24,64,10,0.0,2400000.0,-7.25,0.0
2020-11-26,64,12,64,4,-7.25,-50.0,0.0,-59.99
2020-11-27,70,0,61,3,9.37,-99.99,-4.69,-24.99
2020-11-28,7,0,50,3,-90.0,0.0,-18.03,0.0
2020-11-29,4,0,42,4,-42.85,0.0,-16.0,33.32
2020-11-30,64,23,62,4,1499.63,2300000.0,47.62,0.0
2020-12-01,62,23,63,10,-3.12,0.0,1.61,149.96
2020-12-02,61,12,64,7,-1.61,-47.82,1.59,-30.0
2020-12-03,59,0,65,6,-3.28,-99.99,1.56,-14.28
2020-12-04,68,0,62,3,15.25,0.0,-4.62,-49.99
2020-12-05,8,0,51,5,-88.23,0.0,-17.74,66.64
2020-12-06,5,0,41,3,-37.5,0.0,-19.61,-39.99
2020-12-07,54,12,60,1,979.8,1200000.0,46.34,-66.64
2020-12-08,41,35,56,5,-24.07,191.65,-6.67,399.6
2020-12-09,64,0,64,6,56.1,-100.0,14.29,20.0
2020-12-10,60,0,63,4,-6.25,0.0,-1.56,-33.33
2020-12-11,63,25,61,3,5.0,2500000.0,-3.17,-24.99
2020-12-12,8,0,51,3,-87.3,-100.0,-16.39,0.0
2020-12-13,6,32,55,17,-25.0,3200000.0,7.84,466.51
2020-12-13,6,32,55,2,0.0,0.0,0.0,-88.23
2020-12-13,6,32,41,17,0.0,0.0,-25.45,749.63
2020-12-13,6,32,41,2,0.0,0.0,0.0,-88.23
2020-12-13,6,13,55,17,0.0,-59.37,34.15,749.63
2020-12-13,6,13,55,2,0.0,0.0,0.0,-88.23
2020-12-13,6,13,41,17,0.0,0.0,-25.45,749.63
2020-12-13,6,13,41,2,0.0,0.0,0.0,-88.23
2020-12-13,4,32,55,17,-33.33,146.14,34.15,749.63
2020-12-13,4,32,55,2,0.0,0.0,0.0,-88.23
2020-12-13,4,32,41,17,0.0,0.0,-25.45,749.63
2020-12-13,4,32,41,2,0.0,0.0,0.0,-88.23
2020-12-13,4,13,55,17,0.0,-59.37,34.15,749.63
2020-12-13,4,13,55,2,0.0,0.0,0.0,-88.23
2020-12-13,4,13,41,17,0.0,0.0,-25.45,749.63
2020-12-13,4,13,41,2,0.0,0.0,0.0,-88.23
2020-12-14,85,0,77,30,2024.49,-99.99,87.8,1399.3
2020-12-15,94,0,87,47,10.59,0.0,12.99,56.66
2020-12-16,85,0,86,37,-9.57,0.0,-1.15,-21.28
2020-12-17,86,58,81,47,1.18,5800000.0,-5.81,27.03
2020-12-18,81,0,79,50,-5.81,-100.0,-2.47,6.38
2020-12-19,11,0,63,12,-86.42,0.0,-20.25,-76.0
2020-12-20,8,33,56,12,-27.27,3300000.0,-11.11,0.0
2020-12-21,91,59,77,5,1037.37,78.79,37.5,-58.33
2020-12-22,89,0,78,22,-2.2,-100.0,1.3,339.93
2020-12-23,90,31,74,17,1.12,3100000.0,-5.13,-22.73
2020-12-24,83,34,54,18,-7.78,9.68,-27.03,5.88
2020-12-25,18,0,38,26,-78.31,-100.0,-29.63,44.44
2020-12-26,9,0,54,37,-50.0,0.0,42.1,42.31
2020-12-27,8,0,51,0,-11.11,0.0,-5.56,-100.0
2020-12-28,92,30,80,5,1049.87,3000000.0,56.86,500000.0
2020-12-29,93,30,83,28,1.09,0.0,3.75,459.91
2020-12-30,92,31,75,33,-1.08,3.33,-9.64,17.86
2020-12-31,67,0,57,24,-27.17,-100.0,-24.0,-27.27
2021-01-01,14,0,37,13,-79.1,0.0,-35.09,-45.83
2021-01-02,10,0,60,30,-28.57,0.0,62.16,130.76
2021-01-03,6,0,58,17,-40.0,0.0,-3.33,-43.33
2021-01-04,80,0,85,21,1233.13,0.0,46.55,23.53
2021-01-05,78,0,87,26,-2.5,0.0,2.35,23.81
2021-01-06,59,29,79,31,-24.36,2900000.0,-9.2,19.23
2021-01-07,100,0,81,10,69.49,-100.0,2.53,-67.74
2021-01-08,93,0,82,32,-7.0,0.0,1.23,219.98
2021-01-09,12,0,66,34,-87.1,0.0,-19.51,6.25
2021-01-10,7,63,56,6,-41.66,6300000.0,-15.15,-82.35
2021-01-11,78,28,79,10,1014.14,-55.55,41.07,66.66
2021-01-12,82,0,89,67,5.13,-100.0,12.66,569.94
2021-01-13,87,0,85,21,6.1,0.0,-4.49,-68.66
2021-01-14,83,30,84,38,-4.6,3000000.0,-1.18,80.95
2021-01-15,81,0,83,22,-2.41,-100.0,-1.19,-42.1
2021-01-16,10,0,66,18,-87.65,0.0,-20.48,-18.18
2021-01-17,5,0,57,23,-50.0,0.0,-13.64,27.78
2021-01-18,80,57,82,21,1499.7,5700000.0,43.86,-8.7
2021-01-19,77,57,88,31,-3.75,0.0,7.32,47.62
2021-01-20,78,55,84,40,1.3,-3.51,-4.55,29.03
2021-01-21,82,0,83,26,5.13,-100.0,-1.19,-35.0
2021-01-22,78,0,82,21,-4.88,0.0,-1.2,-19.23
2021-01-23,11,0,65,12,-85.9,0.0,-20.73,-42.86
2021-01-24,7,0,58,17,-36.36,0.0,-10.77,41.66
2021-01-25,81,28,83,31,1056.99,2800000.0,43.1,82.35
2021-01-26,84,28,84,15,3.7,0.0,1.2,-51.61
2021-01-27,80,57,82,36,-4.76,103.57,-2.38,139.99
2021-01-28,85,29,83,21,6.25,-49.12,1.22,-41.67
2021-01-29,82,29,82,27,-3.53,0.0,-1.2,28.57
2021-01-30,10,0,72,17,-87.8,-100.0,-12.19,-37.04
2021-01-31,6,0,59,29,-40.0,0.0,-18.06,70.58
2021-02-01,82,28,82,31,1266.46,2800000.0,38.98,6.9
2021-02-02,80,0,88,36,-2.44,-100.0,7.32,16.13
2021-02-03,86,28,84,21,7.5,2800000.0,-4.55,-41.67
2021-02-04,88,0,88,37,2.33,-100.0,4.76,76.19
2021-02-05,84,29,83,11,-4.55,2900000.0,-5.68,-70.27
2021-02-06,12,0,64,34,-85.71,-100.0,-22.89,209.07
2021-02-07,8,0,56,6,-33.33,0.0,-12.5,-82.35
2021-02-08,89,28,86,51,1012.37,2800000.0,53.57,749.88
2021-02-09,81,28,95,31,-8.99,0.0,10.46,-39.21
2021-02-10,79,29,99,42,-2.47,3.57,4.21,35.48
2021-02-11,76,57,89,42,-3.8,96.55,-10.1,0.0
2021-02-12,78,30,84,54,2.63,-47.37,-5.62,28.57
2021-02-13,9,0,68,6,-88.46,-100.0,-19.05,-88.89
2021-02-14,5,0,55,6,-44.44,0.0,-19.12,0.0
2021-02-15,86,29,78,26,1619.68,2900000.0,41.82,333.28
2021-02-16,84,57,82,15,-2.33,96.55,5.13,-42.31
2021-02-17,88,0,86,16,4.76,-100.0,4.88,6.67
2021-02-18,81,28,87,31,-7.95,2800000.0,1.16,93.74
2021-02-19,86,0,83,16,6.17,-100.0,-4.6,-48.39
2021-02-20,9,0,67,23,-89.53,0.0,-19.28,43.75
2021-02-21,5,0,55,23,-44.44,0.0,-17.91,0.0
2021-02-22,80,82,86,20,1499.7,8200000.0,56.36,-13.04
2021-02-23,89,86,88,67,11.25,4.88,2.33,234.99
2021-02-24,85,28,84,35,-4.49,-67.44,-4.55,-47.76
2021-02-25,85,0,85,46,0.0,-100.0,1.19,31.43
2021-02-26,87,58,85,26,2.35,5800000.0,0.0,-43.48
2021-02-27,11,0,71,12,-87.36,-100.0,-16.47,-53.84
2021-02-28,5,0,61,23,-54.54,0.0,-14.08,91.66
2021-03-01,86,0,88,36,1619.68,0.0,44.26,56.52
2021-03-02,88,0,92,36,2.33,0.0,4.55,0.0
2021-03-03,87,57,86,26,-1.14,5700000.0,-6.52,-27.78
2021-03-04,82,0,86,36,-5.75,-100.0,0.0,38.46
2021-03-05,85,29,85,26,3.66,2900000.0,-1.16,-27.78
2021-03-06,10,0,68,29,-88.23,-100.0,-20.0,11.54
2021-03-07,7,0,58,23,-30.0,0.0,-14.71,-20.69
2021-03-08,82,28,82,41,1071.28,2800000.0,41.38,78.26
2021-03-09,96,28,86,36,17.07,0.0,4.88,-12.19
2021-03-10,86,28,88,61,-10.42,0.0,2.33,69.44
2021-03-11,89,29,87,16,3.49,3.57,-1.14,-73.77
2021-03-12,87,0,84,20,-2.25,-100.0,-3.45,25.0
2021-03-13,11,0,70,54,-87.36,0.0,-16.67,169.99
2021-03-14,7,0,56,16,-36.36,0.0,-20.0,-70.37
2021-03-15,85,24,79,43,1114.13,2400000.0,41.07,168.74
2021-03-16,84,25,91,49,-1.18,4.17,15.19,13.95
2021-03-17,80,0,85,48,-4.76,-100.0,-6.59,-2.04
2021-03-18,83,0,86,43,3.75,0.0,1.18,-10.42
2021-03-19,75,31,83,35,-9.64,3100000.0,-3.49,-18.6
2021-03-20,8,0,64,54,-89.33,-100.0,-22.89,54.28
2021-03-21,6,0,58,5,-25.0,0.0,-9.37,-90.74
2021-03-22,80,30,80,19,1233.13,3000000.0,37.93,279.94
2021-03-23,85,0,87,47,6.25,-100.0,8.75,147.36
2021-03-24,81,0,85,29,-4.71,0.0,-2.3,-38.3
2021-03-25,77,60,86,64,-4.94,6000000.0,1.18,120.69
2021-03-26,82,0,83,45,6.49,-100.0,-3.49,-29.69
2021-03-27,9,0,65,39,-89.02,0.0,-21.69,-13.33
2021-03-28,4,0,55,17,-55.55,0.0,-15.38,-56.41
2021-03-29,83,0,83,20,1974.51,0.0,50.91,17.65
2021-03-30,80,0,85,25,-3.61,0.0,2.41,25.0
2021-03-31,79,0,83,30,-1.25,0.0,-2.35,20.0
2021-04-01,65,0,76,26,-17.72,0.0,-8.43,-13.33
2021-04-02,23,0,63,16,-64.61,0.0,-17.11,-38.46
2021-04-03,7,0,59,11,-69.56,0.0,-6.35,-31.25
2021-04-04,5,0,56,23,-28.57,0.0,-5.08,109.08
2021-04-05,40,0,82,25,699.86,0.0,46.43,8.7
2021-04-06,74,0,84,38,85.0,0.0,2.44,52.0
2021-04-07,71,29,85,14,-4.05,2900000.0,1.19,-63.16
2021-04-08,76,0,85,48,7.04,-100.0,0.0,242.84
2021-04-09,70,0,80,53,-7.89,0.0,-5.88,10.42
2021-04-10,7,0,66,74,-90.0,0.0,-17.5,39.62
2021-04-11,5,0,57,44,-28.57,0.0,-13.64,-40.54
2021-04-12,68,0,85,43,1259.75,0.0,49.12,-2.27
2021-04-13,76,0,89,49,11.76,0.0,4.71,13.95
2021-04-14,76,0,90,39,0.0,0.0,1.12,-20.41
2021-04-15,77,0,90,63,1.32,0.0,0.0,61.54
2021-04-16,74,0,82,25,-3.9,0.0,-8.89,-60.32
2021-04-17,8,0,67,32,-89.19,0.0,-18.29,28.0
2021-04-18,5,0,62,33,-37.5,0.0,-7.46,3.12
2021-04-19,73,0,83,47,1359.73,0.0,33.87,42.42
2021-04-20,73,0,88,67,0.0,0.0,6.02,42.55
2021-04-21,77,0,84,34,5.48,0.0,-4.55,-49.25
2021-04-22,78,0,86,34,1.3,0.0,2.38,0.0
2021-04-23,74,31,84,20,-5.13,3100000.0,-2.33,-41.18
2021-04-24,7,0,65,27,-90.54,-100.0,-22.62,35.0
2021-04-25,5,0,58,32,-28.57,0.0,-10.77,18.52
2021-04-26,75,0,84,43,1399.72,0.0,44.83,34.37
2021-04-27,78,0,88,34,4.0,0.0,4.76,-20.93
2021-04-28,82,30,87,29,5.13,3000000.0,-1.14,-14.71
2021-04-29,86,29,83,100,4.88,-3.33,-4.6,244.82
2021-04-30,79,0,82,64,-8.14,-100.0,-1.2,-36.0
2021-05-01,10,0,65,38,-87.34,0.0,-20.73,-40.62
2021-05-02,6,33,56,59,-40.0,3300000.0,-13.85,55.26
2021-05-03,74,60,86,39,1133.14,81.82,53.57,-33.9
2021-05-04,81,0,88,57,9.46,-100.0,2.33,46.15
2021-05-05,80,0,85,29,-1.23,0.0,-3.41,-49.12
2021-05-06,89,0,86,63,11.25,0.0,1.18,117.24
2021-05-07,89,0,82,35,0.0,0.0,-4.65,-44.44
2021-05-08,12,0,66,22,-86.52,0.0,-19.51,-37.14
2021-05-09,6,0,53,22,-50.0,0.0,-19.7,0.0
2021-05-10,88,0,85,35,1366.44,0.0,60.38,59.09
2021-05-11,82,0,91,43,-6.82,0.0,7.06,22.86
2021-05-12,86,0,92,63,4.88,0.0,1.1,46.51
2021-05-13,83,0,86,45,-3.49,0.0,-6.52,-28.57
2021-05-14,82,32,87,47,-1.2,3200000.0,1.16,4.44
2021-05-15,11,0,67,50,-86.58,-100.0,-22.99,6.38
2021-05-16,7,0,56,43,-36.36,0.0,-16.42,-14.0
2021-05-17,83,0,83,29,1085.56,0.0,48.21,-32.56
2021-05-18,83,30,87,58,0.0,3000000.0,4.82,100.0
2021-05-19,77,0,85,71,-7.23,-100.0,-2.3,22.41
2021-05-20,83,0,86,25,7.79,0.0,1.18,-64.79
2021-05-21,76,31,84,65,-8.43,3100000.0,-2.33,159.99
2021-05-22,9,0,64,44,-88.16,-100.0,-23.81,-32.31
2021-05-23,5,0,58,16,-44.44,0.0,-9.37,-63.63
2021-05-24,81,0,84,45,1519.7,0.0,44.83,181.24
2021-05-25,71,0,92,34,-12.35,0.0,9.52,-24.44
2021-05-26,80,30,89,44,12.68,3000000.0,-3.26,29.41
2021-05-27,78,0,90,35,-2.5,-100.0,1.12,-20.45
2021-05-28,81,0,85,66,3.85,0.0,-5.56,88.57
2021-05-29,9,0,68,17,-88.89,0.0,-20.0,-74.24
2021-05-30,6,0,60,6,-33.33,0.0,-11.76,-64.7
2021-05-31,71,31,89,55,1083.15,3100000.0,48.33,816.53
2021-06-01,80,0,89,25,12.68,-100.0,0.0,-54.54
2021-06-02,79,0,84,44,-1.25,0.0,-5.62,76.0
2021-06-03,71,0,80,73,-10.13,0.0,-4.76,65.91
2021-06-04,71,0,84,62,0.0,0.0,5.0,-15.07
2021-06-05,7,0,70,17,-90.14,0.0,-16.67,-72.58
2021-06-06,5,0,57,28,-28.57,0.0,-18.57,64.7
2021-06-07,70,29,77,24,1299.74,2900000.0,35.09,-14.29
2021-06-08,68,29,87,33,-2.86,0.0,12.99,37.5
2021-06-09,76,0,90,49,11.76,-100.0,3.45,48.48
2021-06-10,72,0,88,30,-5.26,0.0,-2.22,-38.77
2021-06-11,69,65,87,15,-4.17,6500000.0,-1.14,-50.0
2021-06-12,6,0,69,34,-91.3,-100.0,-20.69,126.66
2021-06-13,6,0,58,16,0.0,0.0,-15.94,-52.94
2021-06-14,70,0,83,10,1066.49,0.0,43.1,-37.5
2021-06-15,72,0,91,38,2.86,0.0,9.64,279.97
2021-06-16,70,0,89,58,-2.78,0.0,-2.2,52.63
2021-06-17,70,31,87,29,0.0,3100000.0,-2.25,-50.0
2021-06-18,70,0,80,35,0.0,-100.0,-8.05,20.69
2021-06-19,8,0,65,50,-88.57,0.0,-18.75,42.86
2021-06-20,5,0,51,11,-37.5,0.0,-21.54,-78.0
2021-06-21,68,0,82,29,1259.75,0.0,60.78,163.62
2021-06-22,63,32,90,29,-7.35,3200000.0,9.76,0.0
2021-06-23,66,0,85,38,4.76,-100.0,-5.56,31.03
2021-06-24,63,32,85,30,-4.55,3200000.0,0.0,-21.05
2021-06-25,63,33,85,51,0.0,3.12,0.0,70.0
2021-06-26,7,36,68,11,-88.89,9.09,-20.0,-78.43
2021-06-27,5,0,59,22,-28.57,-100.0,-13.24,99.99
2021-06-28,68,0,84,39,1259.75,0.0,42.37,77.27
2021-06-29,69,32,89,29,1.47,3200000.0,5.95,-25.64
2021-06-30,72,64,93,54,4.35,100.0,4.49,86.2
2021-07-01,70,0,93,53,-2.78,-100.0,0.0,-1.85
2021-07-02,65,0,84,46,-7.14,0.0,-9.68,-13.21
2021-07-03,8,37,67,17,-87.69,3700000.0,-20.24,-63.04
2021-07-04,5,0,59,35,-37.5,-100.0,-11.94,105.88
2021-07-05,62,0,84,31,1139.77,0.0,42.37,-11.43
2021-07-06,62,31,89,24,0.0,3100000.0,5.95,-22.58
2021-07-07,60,0,90,15,-3.23,-100.0,1.12,-37.5
2021-07-08,61,0,92,25,1.67,0.0,2.22,66.66
2021-07-09,73,34,85,31,19.67,3400000.0,-7.61,24.0
2021-07-10,9,0,71,17,-87.67,-100.0,-16.47,-45.16
2021-07-11,4,0,57,22,-55.55,0.0,-19.72,29.41
2021-07-12,64,96,88,30,1499.63,9600000.0,54.39,36.36
2021-07-13,61,32,89,35,-4.69,-66.67,1.14,16.67
2021-07-14,62,0,91,15,1.64,-100.0,2.25,-57.14
2021-07-15,64,65,94,15,3.23,6500000.0,3.3,0.0
2021-07-16,66,0,86,31,3.12,-100.0,-8.51,106.66
2021-07-17,7,0,70,17,-89.39,0.0,-18.6,-45.16
2021-07-18,5,0,59,17,-28.57,0.0,-15.71,0.0
2021-07-19,71,0,90,41,1319.74,0.0,52.54,141.17
2021-07-20,76,100,91,41,7.04,10000000.0,1.11,0.0
2021-07-21,78,0,89,21,2.63,-100.0,-2.2,-48.78
2021-07-22,77,0,89,44,-1.28,0.0,0.0,109.52
2021-07-23,73,39,89,43,-5.19,3900000.0,0.0,-2.27
2021-07-24,9,37,66,46,-87.67,-5.13,-25.84,6.98
2021-07-25,6,0,58,17,-33.33,-100.0,-12.12,-63.04
2021-07-26,73,0,84,20,1116.48,0.0,44.83,17.65
2021-07-27,75,0,89,34,2.74,0.0,5.95,70.0
2021-07-28,74,0,82,25,-1.33,0.0,-7.87,-26.47
2021-07-29,72,0,83,20,-2.7,0.0,1.22,-20.0
2021-07-30,61,66,82,51,-15.28,6600000.0,-1.2,154.99
2021-07-31,8,36,68,17,-86.88,-45.45,-17.07,-66.67
2021-08-01,5,0,56,33,-37.5,-100.0,-17.65,94.11
2021-08-02,61,32,86,30,1119.78,3200000.0,53.57,-9.09
2021-08-03,68,0,91,20,11.48,-100.0,5.81,-33.33
2021-08-04,73,0,88,20,7.35,0.0,-3.3,0.0
2021-08-05,70,0,85,0,-4.11,0.0,-3.41,-100.0
2021-08-06,66,0,82,26,-5.71,0.0,-3.53,2600000.0
2021-08-07,8,0,62,22,-87.88,0.0,-24.39,-15.38
2021-08-08,4,0,53,0,-49.99,0.0,-14.52,-100.0
2021-08-09,64,32,84,10,1499.63,3200000.0,58.49,1000000.0
2021-08-10,66,0,89,31,3.12,-100.0,5.95,209.98
2021-08-11,75,0,87,25,13.64,0.0,-2.25,-19.35
2021-08-12,76,0,88,20,1.33,0.0,1.15,-20.0
2021-08-13,75,0,82,36,-1.32,0.0,-6.82,80.0
2021-08-14,7,0,67,11,-90.67,0.0,-18.29,-69.44
2021-08-15,6,0,57,6,-14.28,0.0,-14.93,-45.45
2021-08-16,60,0,81,10,899.85,0.0,42.1,66.66
2021-08-17,61,32,88,40,1.67,3200000.0,8.64,299.97
2021-08-18,70,32,86,50,14.75,0.0,-2.27,25.0
2021-08-19,71,0,84,35,1.43,-100.0,-2.33,-30.0
2021-08-20,66,65,83,40,-7.04,6500000.0,-1.19,14.29
2021-08-21,9,0,65,27,-86.36,-100.0,-21.69,-32.5
2021-08-22,4,0,59,0,-55.55,0.0,-9.23,-100.0
2021-08-23,74,0,81,42,1749.56,0.0,37.29,4200000.0
2021-08-24,63,0,100,30,-14.86,0.0,23.46,-28.57
2021-08-25,66,0,87,65,4.76,0.0,-13.0,116.66
2021-08-26,65,0,87,50,-1.52,0.0,0.0,-23.08
2021-08-27,63,33,84,35,-3.08,3300000.0,-3.45,-30.0
2021-08-28,7,0,67,39,-88.89,-100.0,-20.24,11.43
2021-08-29,4,35,57,27,-42.85,3500000.0,-14.93,-30.77
2021-08-30,61,64,85,25,1424.64,82.85,49.12,-7.41
2021-08-31,60,0,91,30,-1.64,-100.0,7.06,20.0
2021-09-01,65,0,85,37,8.33,0.0,-6.59,23.33
2021-09-02,65,34,81,16,0.0,3400000.0,-4.71,-56.76
2021-09-03,68,0,79,27,4.62,-100.0,-2.47,68.75
2021-09-04,8,0,62,2,-88.23,0.0,-21.52,-92.59
2021-09-04,8,0,62,13,0.0,0.0,0.0,549.73
2021-09-04,8,0,63,2,0.0,0.0,1.61,-84.61
2021-09-04,8,0,63,13,0.0,0.0,0.0,549.73
2021-09-04,8,0,62,2,0.0,0.0,-1.59,-84.61
2021-09-04,8,0,62,13,0.0,0.0,0.0,549.73
2021-09-04,8,0,63,2,0.0,0.0,1.61,-84.61
2021-09-04,8,0,63,13,0.0,0.0,0.0,549.73
2021-09-04,6,0,62,2,-25.0,0.0,-1.59,-84.61
2021-09-04,6,0,62,13,0.0,0.0,0.0,549.73
2021-09-04,6,0,63,2,0.0,0.0,1.61,-84.61
2021-09-04,6,0,63,13,0.0,0.0,0.0,549.73
2021-09-04,6,0,62,2,0.0,0.0,-1.59,-84.61
2021-09-04,6,0,62,13,0.0,0.0,0.0,549.73
2021-09-04,6,0,63,2,0.0,0.0,1.61,-84.61
2021-09-04,6,0,63,13,0.0,0.0,0.0,549.73
2021-09-05,7,0,53,2,16.66,0.0,-15.87,-84.61
2021-09-06,72,25,82,1,928.44,2500000.0,54.72,-49.98
2021-09-07,80,25,80,5,11.11,0.0,-2.44,399.6
2021-09-08,74,49,79,5,-7.5,96.0,-1.25,0.0
2021-09-09,75,75,81,6,1.35,53.06,2.53,20.0
2021-09-10,78,0,79,6,4.0,-100.0,-2.47,0.0
2021-09-11,6,0,61,4,-92.31,0.0,-22.78,-33.33
2021-09-12,5,0,49,3,-16.66,0.0,-19.67,-24.99
2021-09-13,75,0,81,5,1399.72,0.0,65.3,66.64
2021-09-14,76,24,80,5,1.33,2400000.0,-1.23,0.0
2021-09-15,76,0,80,1,0.0,-100.0,0.0,-79.98
2021-09-16,79,0,77,5,3.95,0.0,-3.75,399.6
2021-09-17,77,26,82,3,-2.53,2600000.0,6.49,-39.99
2021-09-18,8,0,59,1,-89.61,-100.0,-28.05,-66.64
2021-09-19,6,0,51,3,-25.0,0.0,-13.56,199.8
2021-09-20,90,0,82,6,1399.77,0.0,60.78,99.97
2021-09-21,81,25,85,11,-10.0,2500000.0,3.66,83.32
2021-09-22,80,0,80,4,-1.23,-100.0,-5.88,-63.63
2021-09-23,81,0,81,8,1.25,0.0,1.25,99.98
2021-09-24,84,0,77,4,3.7,0.0,-4.94,-49.99
2021-09-25,8,0,56,2,-90.48,0.0,-27.27,-49.99
2021-09-26,5,0,48,2,-37.5,0.0,-14.29,0.0
2021-09-27,77,0,81,3,1439.71,0.0,68.75,49.98
2021-09-28,87,0,81,7,12.99,0.0,0.0,133.29
2021-09-29,94,0,84,5,8.05,0.0,3.7,-28.57
2021-09-30,80,0,85,8,-14.89,0.0,1.19,59.99
2021-10-01,82,26,81,2,2.5,2600000.0,-4.71,-74.99
2021-10-02,9,0,60,2,-89.02,-100.0,-25.93,0.0
2021-10-03,7,0,51,2,-22.22,0.0,-15.0,0.0
2021-10-04,78,23,82,6,1014.14,2300000.0,60.78,199.9
2021-10-05,82,0,84,4,5.13,-100.0,2.44,-33.33
2021-10-06,93,25,85,5,13.41,2500000.0,1.19,24.99
2021-10-07,95,50,83,7,2.15,100.0,-2.35,39.99
2021-10-08,96,0,75,4,1.05,-100.0,-9.64,-42.85
2021-10-09,9,0,63,4,-90.62,0.0,-16.0,0.0
2021-10-10,8,0,50,3,-11.11,0.0,-20.63,-24.99
2021-10-11,80,0,79,5,899.89,0.0,58.0,66.64
2021-10-12,57,0,78,2,-28.75,0.0,-1.27,-59.99
2021-10-13,82,0,82,7,43.86,0.0,5.13,249.88
2021-10-14,85,25,85,5,3.66,2500000.0,3.66,-28.57
2021-10-15,92,0,86,4,8.24,-100.0,1.18,-20.0
2021-10-16,11,0,64,4,-88.04,0.0,-25.58,0.0
2021-10-17,6,0,52,5,-45.45,0.0,-18.75,24.99
2021-10-18,79,0,80,5,1216.46,0.0,53.85,0.0
2021-10-19,89,25,83,10,12.66,2500000.0,3.75,99.98
2021-10-20,80,0,84,7,-10.11,-100.0,1.2,-30.0
2021-10-21,76,0,84,7,-5.0,0.0,0.0,0.0
2021-10-22,83,0,78,3,9.21,0.0,-7.14,-57.13
2021-10-23,8,0,61,6,-90.36,0.0,-21.79,99.97
2021-10-24,4,0,50,5,-49.99,0.0,-18.03,-16.66
2021-10-25,74,0,80,3,1749.56,0.0,60.0,-39.99
2021-10-26,79,24,83,6,6.76,2400000.0,3.75,99.97
2021-10-27,78,49,85,7,-1.27,104.16,2.41,16.66
2021-10-28,81,0,82,7,3.85,-100.0,-3.53,0.0
2021-10-29,81,0,80,2,0.0,0.0,-2.44,-71.42
2021-10-30,9,0,62,5,-88.89,0.0,-22.5,149.93
2021-10-31,7,0,50,8,-22.22,0.0,-19.35,59.99
2021-11-01,58,26,67,3,728.47,2600000.0,34.0,-62.49
2021-11-02,84,0,78,6,44.83,-100.0,16.42,99.97
2021-11-03,76,0,82,5,-9.52,0.0,5.13,-16.66
2021-11-04,80,0,87,6,5.26,0.0,6.1,20.0
2021-11-05,80,51,85,9,0.0,5100000.0,-2.3,49.99
2021-11-06,10,28,63,3,-87.5,-45.1,-25.88,-66.66
2021-11-07,5,0,53,2,-50.0,-100.0,-15.87,-33.32
2021-11-08,78,0,84,5,1459.71,0.0,58.49,149.93
2021-11-09,75,99,93,8,-3.85,9900000.0,10.71,59.99
2021-11-10,81,25,93,4,8.0,-74.75,0.0,-49.99
2021-11-11,78,0,87,7,-3.7,-100.0,-6.45,74.98
2021-11-12,77,51,84,7,-1.28,5100000.0,-3.45,0.0
2021-11-13,10,0,66,3,-87.01,-100.0,-21.43,-57.13
2021-11-14,7,0,58,3,-30.0,0.0,-12.12,0.0
2021-11-15,77,0,77,3,999.86,0.0,32.76,0.0
2021-11-16,66,23,91,11,-14.29,2300000.0,18.18,266.58
2021-11-17,69,24,87,5,4.55,4.35,-4.4,-54.54
2021-11-18,68,24,86,4,-1.45,0.0,-1.15,-20.0
2021-11-19,74,0,85,8,8.82,-100.0,-1.16,99.98
2021-11-20,8,27,62,3,-89.19,2700000.0,-27.06,-62.49
2021-11-21,6,0,50,6,-25.0,-100.0,-19.35,99.97
2021-11-22,80,25,80,4,1233.13,2500000.0,60.0,-33.33
2021-11-23,76,24,85,5,-5.0,-4.0,6.25,24.99
2021-11-24,73,24,82,4,-3.95,0.0,-3.53,-20.0
2021-11-25,74,0,82,6,1.37,-100.0,0.0,49.99
2021-11-26,98,0,84,6,32.43,0.0,2.44,0.0
2021-11-27,9,0,60,2,-90.82,0.0,-28.57,-66.66
2021-11-28,7,0,50,3,-22.22,0.0,-16.67,49.98
2021-11-29,91,0,80,9,1199.83,0.0,60.0,199.93
2021-11-30,80,24,85,4,-12.09,2400000.0,6.25,-55.55
2021-12-01,80,71,79,4,0.0,195.83,-7.06,0.0
2021-12-02,89,24,81,7,11.25,-66.2,2.53,74.98
2021-12-03,77,0,81,8,-13.48,-100.0,0.0,14.28
2021-12-04,11,0,59,1,-85.71,0.0,-27.16,-87.49
2021-12-05,6,0,48,1,-45.45,0.0,-18.64,0.0
2021-12-06,57,0,76,2,849.86,0.0,58.33,99.9
2021-12-07,80,24,78,4,40.35,2400000.0,2.63,99.95
2021-12-08,66,0,67,3,-17.5,-100.0,-14.1,-24.99
2021-12-09,79,25,80,2,19.7,2500000.0,19.4,-33.32
2021-12-10,73,0,80,7,-7.59,-100.0,0.0,249.88
2021-12-11,10,0,61,1,-86.3,0.0,-23.75,-85.7
2021-12-12,6,0,47,0,-40.0,0.0,-22.95,-99.9
2021-12-13,72,25,78,3,1099.82,2500000.0,65.96,300000.0
2021-12-14,76,0,83,3,5.56,-100.0,6.41,0.0
2021-12-15,68,0,84,3,-10.53,0.0,1.2,0.0
2021-12-16,61,26,83,7,-10.29,2600000.0,-1.19,133.29
2021-12-17,52,0,77,3,-14.75,-100.0,-7.23,-57.13
2021-12-18,6,0,59,3,-88.46,0.0,-23.38,0.0
2021-12-19,5,0,49,1,-16.66,0.0,-16.95,-66.64
2021-12-20,53,0,78,2,959.81,0.0,59.18,99.9
2021-12-21,57,26,76,3,7.55,2600000.0,-2.56,49.98
2021-12-22,58,0,76,2,1.75,-100.0,0.0,-33.32
2021-12-23,58,55,70,2,0.0,5500000.0,-7.89,0.0
2021-12-24,35,0,49,1,-39.65,-100.0,-30.0,-49.98
2021-12-25,8,0,34,1,-77.14,0.0,-30.61,0.0
2021-12-26,6,0,45,1,-25.0,0.0,32.35,0.0
2021-12-27,64,0,78,2,966.51,0.0,73.33,99.9
2021-12-28,61,0,81,3,-4.69,0.0,3.85,49.98
2021-12-29,57,0,77,1,-6.56,0.0,-4.94,-66.64
2021-12-30,63,0,74,1,10.53,0.0,-3.9,0.0
2021-12-31,26,0,53,2,-58.73,0.0,-28.38,99.9
2022-01-01,5,0,32,1,-80.77,0.0,-39.62,-49.98
2022-01-02,7,29,47,1,39.99,2900000.0,46.87,0.0
2022-01-03,55,0,79,5,685.62,-100.0,68.08,399.6
2022-01-04,59,0,84,2,7.27,0.0,6.33,-59.99
2022-01-05,56,0,81,0,-5.08,0.0,-3.57,-99.95
2022-01-06,40,0,79,0,-28.57,0.0,-2.47,0.0
2022-01-07,62,26,77,6,55.0,2600000.0,-2.53,600000.0
2022-01-08,7,0,63,0,-88.71,-100.0,-18.18,-99.98
2022-01-09,4,0,51,4,-42.85,0.0,-19.05,400000.0
2022-01-10,57,24,77,4,1324.67,2400000.0,50.98,0.0
2022-01-11,58,24,85,2,1.75,0.0,10.39,-49.99
2022-01-12,62,0,84,4,6.9,-100.0,-1.18,99.95
2022-01-13,64,0,82,1,3.23,0.0,-2.38,-74.98
2022-01-14,60,26,85,3,-6.25,2600000.0,3.66,199.8
2022-01-15,8,0,63,3,-86.67,-100.0,-25.88,0.0
2022-01-16,4,0,53,2,-49.99,0.0,-15.87,-33.32
2022-01-17,56,25,80,1,1299.68,2500000.0,50.94,-49.98
2022-01-18,54,25,85,6,-3.57,0.0,6.25,499.5
2022-01-19,54,24,83,3,0.0,-4.0,-2.35,-49.99
2022-01-20,62,0,82,7,14.81,-100.0,-1.2,133.29
2022-01-21,61,0,80,4,-1.61,0.0,-2.44,-42.85
2022-01-22,6,0,61,5,-90.16,0.0,-23.75,24.99
2022-01-23,4,0,51,3,-33.33,0.0,-16.39,-39.99
2022-01-24,65,74,84,3,1524.62,7400000.0,64.7,0.0
2022-01-25,62,45,85,4,-4.62,-39.19,1.19,33.32
2022-01-26,70,0,85,5,12.9,-100.0,0.0,24.99
2022-01-27,66,0,84,4,-5.71,0.0,-1.18,-20.0
2022-01-28,62,0,84,5,-6.06,0.0,0.0,24.99
2022-01-29,8,0,66,1,-87.1,0.0,-21.43,-79.98
2022-01-30,7,0,55,0,-12.5,0.0,-16.67,-99.9
2022-01-31,64,0,86,3,814.17,0.0,56.36,300000.0
2022-02-01,61,0,88,13,-4.69,0.0,2.33,333.22
2022-02-02,62,26,92,4,1.64,2600000.0,4.55,-69.23
2022-02-03,68,0,89,10,9.68,-100.0,-3.26,149.96
2022-02-04,65,53,90,4,-4.41,5300000.0,1.12,-59.99
2022-02-05,7,0,70,6,-89.23,-100.0,-22.22,49.99
2022-02-06,4,0,60,5,-42.85,0.0,-14.29,-16.66
2022-02-07,62,0,90,4,1449.64,0.0,50.0,-20.0
2022-02-08,65,0,94,5,4.84,0.0,4.44,24.99
2022-02-09,61,0,92,3,-6.15,0.0,-2.13,-39.99
2022-02-10,73,0,92,6,19.67,0.0,0.0,99.97
2022-02-11,68,0,86,8,-6.85,0.0,-6.52,33.33
2022-02-12,8,0,67,3,-88.23,0.0,-22.09,-62.49
2022-02-13,6,0,54,0,-25.0,0.0,-19.4,-99.97
2022-02-14,71,0,84,3,1083.15,0.0,55.55,300000.0
2022-02-15,74,26,95,3,4.23,2600000.0,13.1,0.0
2022-02-16,68,26,91,6,-8.11,0.0,-4.21,99.97
2022-02-17,61,25,89,8,-10.29,-3.85,-2.2,33.33
2022-02-18,68,27,87,2,11.48,8.0,-2.25,-74.99
2022-02-19,8,0,70,4,-88.23,-100.0,-19.54,99.95
2022-02-20,5,0,55,3,-37.5,0.0,-21.43,-24.99
2022-02-21,61,26,90,2,1119.78,2600000.0,63.64,-33.32
2022-02-22,62,0,89,3,1.64,-100.0,-1.11,49.98
2022-02-23,63,25,89,8,1.61,2500000.0,0.0,166.61
2022-02-24,100,100,83,3,58.73,299.99,-6.74,-62.49
2022-02-25,85,0,83,7,-15.0,-100.0,0.0,133.29
2022-02-26,9,0,62,2,-89.41,0.0,-25.3,-71.42
2022-02-27,7,0,51,2,-22.22,0.0,-17.74,0.0
2022-02-28,80,26,79,3,1042.71,2600000.0,54.9,49.98
2022-03-01,73,0,80,4,-8.75,-100.0,1.27,33.32
2022-03-02,76,0,88,8,4.11,0.0,10.0,99.98
2022-03-03,74,25,91,6,-2.63,2500000.0,3.41,-25.0
2022-03-04,85,0,85,8,14.86,-100.0,-6.59,33.33
2022-03-05,8,0,67,3,-90.59,0.0,-21.18,-62.49
2022-03-06,4,0,58,3,-49.99,0.0,-13.43,0.0
2022-03-07,94,0,94,4,2249.44,0.0,62.07,33.32
2022-03-08,86,25,88,5,-8.51,2500000.0,-6.38,24.99
2022-03-09,84,0,89,5,-2.33,-100.0,1.14,0.0
2022-03-10,86,0,93,9,2.38,0.0,4.49,79.98
2022-03-11,80,0,87,11,-6.98,0.0,-6.45,22.22
2022-03-12,10,0,65,5,-87.5,0.0,-25.29,-54.54
2022-03-13,7,0,56,6,-30.0,0.0,-13.85,20.0
2022-03-14,82,50,90,5,1071.28,5000000.0,60.71,-16.66
2022-03-15,78,48,92,9,-4.88,-4.0,2.22,79.98
2022-03-16,87,0,90,6,11.54,-100.0,-2.17,-33.33
2022-03-17,81,24,88,7,-6.9,2400000.0,-2.22,16.66
2022-03-18,79,0,87,4,-2.47,-100.0,-1.14,-42.85
2022-03-19,8,0,62,5,-89.87,0.0,-28.74,24.99
2022-03-20,6,0,54,4,-25.0,0.0,-12.9,-20.0
2022-03-21,75,52,79,7,1149.81,5200000.0,46.3,74.98
2022-03-22,73,0,89,6,-2.67,-100.0,12.66,-14.28
2022-03-23,69,0,87,5,-5.48,0.0,-2.25,-16.66
2022-03-24,71,0,88,15,2.9,0.0,1.15,199.96
2022-03-25,68,25,81,5,-4.23,2500000.0,-7.95,-66.66
2022-03-26,8,0,68,4,-88.23,-100.0,-16.05,-20.0
2022-03-27,6,0,54,5,-25.0,0.0,-20.59,24.99
2022-03-28,72,0,87,8,1099.82,0.0,61.11,59.99
2022-03-29,72,0,89,7,0.0,0.0,2.3,-12.5
2022-03-30,74,0,90,8,2.78,0.0,1.12,14.28
2022-03-31,72,24,90,8,-2.7,2400000.0,0.0,0.0
2022-04-01,70,0,87,10,-2.78,-100.0,-3.33,25.0
2022-04-02,6,0,69,6,-91.43,0.0,-20.69,-40.0
2022-04-03,4,0,59,4,-33.33,0.0,-14.49,-33.33
2022-04-04,68,24,88,6,1599.6,2400000.0,49.15,49.99
2022-04-05,73,23,97,13,7.35,-4.17,10.23,116.65
2022-04-06,65,22,95,19,-10.96,-4.35,-2.06,46.15
2022-04-07,71,0,94,10,9.23,-100.0,-1.05,-47.37
2022-04-08,70,0,86,10,-1.41,0.0,-8.51,0.0
2022-04-09,7,0,68,9,-90.0,0.0,-20.93,-10.0
2022-04-10,4,0,59,8,-42.85,0.0,-13.24,-11.11
2022-04-11,69,24,89,7,1624.59,2400000.0,50.85,-12.5
2022-04-12,68,25,90,11,-1.45,4.17,1.12,57.13
2022-04-13,64,0,88,11,-5.88,-100.0,-2.22,0.0
2022-04-14,55,0,75,9,-14.06,0.0,-14.77,-18.18
2022-04-15,19,0,62,8,-65.45,0.0,-17.33,-11.11
2022-04-16,6,0,57,6,-68.42,0.0,-8.06,-25.0
2022-04-17,5,0,54,8,-16.66,0.0,-5.26,33.33
2022-04-18,38,0,89,8,659.87,0.0,64.81,0.0
2022-04-19,64,0,97,6,68.42,0.0,8.99,-25.0
2022-04-20,66,69,91,7,3.12,6900000.0,-6.19,16.66
2022-04-21,72,26,89,7,9.09,-62.32,-2.2,0.0
2022-04-22,63,0,86,7,-12.5,-100.0,-3.37,0.0
2022-04-23,9,0,67,5,-85.71,0.0,-22.09,-28.57
2022-04-24,6,0,54,8,-33.33,0.0,-19.4,59.99
2022-04-25,69,25,80,4,1049.83,2500000.0,48.15,-49.99
2022-04-26,69,0,87,7,0.0,-100.0,8.75,74.98
2022-04-27,69,48,91,9,0.0,4800000.0,4.6,28.57
2022-04-28,69,24,86,72,0.0,-50.0,-5.49,699.92
2022-04-29,70,0,89,100,1.45,-100.0,3.49,38.89
2022-04-30,9,0,69,53,-87.14,0.0,-22.47,-47.0
2022-05-01,5,0,61,15,-44.44,0.0,-11.59,-71.7
2022-05-02,58,25,93,16,1059.79,2500000.0,52.46,6.67
2022-05-03,68,0,97,23,17.24,-100.0,4.3,43.75
2022-05-04,65,25,91,16,-4.41,2500000.0,-6.19,-30.43
2022-05-05,63,0,100,17,-3.08,-100.0,9.89,6.25
2022-05-06,60,0,87,17,-4.76,0.0,-13.0,0.0
2022-05-07,9,0,68,15,-85.0,0.0,-21.84,-11.76
2022-05-08,4,0,53,9,-55.55,0.0,-22.06,-40.0
2022-05-09,66,25,89,15,1549.61,2500000.0,67.92,66.66
2022-05-10,69,0,95,21,4.55,-100.0,6.74,40.0
2022-05-11,68,24,90,13,-1.45,2400000.0,-5.26,-38.09
2022-05-12,66,25,90,14,-2.94,4.17,0.0,7.69
2022-05-13,66,25,86,5,0.0,0.0,-4.44,-64.28
2022-05-14,9,28,71,9,-86.36,12.0,-17.44,79.98
2022-05-15,4,0,56,7,-55.55,-100.0,-21.13,-22.22
2022-05-16,63,0,87,11,1474.63,0.0,55.36,57.13
2022-05-17,67,0,89,7,6.35,0.0,2.3,-36.36
2022-05-18,69,0,86,10,2.99,0.0,-3.37,42.85
2022-05-19,59,70,86,13,-14.49,7000000.0,0.0,30.0
2022-05-20,67,22,85,15,13.56,-68.57,-1.16,15.38
2022-05-21,7,0,67,19,-89.55,-100.0,-21.18,26.66
2022-05-22,6,0,54,9,-14.28,0.0,-19.4,-52.63
2022-05-23,67,0,88,16,1016.5,0.0,62.96,77.77
2022-05-24,72,49,90,16,7.46,4900000.0,2.27,0.0
2022-05-25,0,0,0,0,-100.0,-100.0,-100.0,-99.99
